N,L,r,num_samples,model,gens,ancestors
1000000.0,1000000.0,1e-08,10000,10,1,10059
1000000.0,1000000.0,1e-08,10000,10,1,10078
1000000.0,1000000.0,1e-08,10000,10,1,10076
1000000.0,1000000.0,1e-08,10000,10,1,10089
1000000.0,1000000.0,1e-08,10000,10,1,10086
1000000.0,1000000.0,1e-08,10000,10,1,10072
1000000.0,1000000.0,1e-08,10000,10,1,10072
1000000.0,1000000.0,1e-08,10000,10,1,10060
1000000.0,1000000.0,1e-08,10000,10,1,10058
1000000.0,1000000.0,1e-08,10000,10,1,10089
1000000.0,1000000.0,1e-08,10000,10,1,10071
1000000.0,1000000.0,1e-08,10000,10,1,10079
1000000.0,1000000.0,1e-08,10000,10,1,10051
1000000.0,1000000.0,1e-08,10000,10,1,10084
1000000.0,1000000.0,1e-08,10000,10,1,10094
1000000.0,1000000.0,1e-08,10000,10,1,10071
1000000.0,1000000.0,1e-08,10000,10,1,10075
1000000.0,1000000.0,1e-08,10000,100,1,10085
1000000.0,1000000.0,1e-08,10000,10,1,10097
1000000.0,1000000.0,1e-08,10000,10,1,10055
1000000.0,1000000.0,1e-08,10000,100,1,10062
1000000.0,1000000.0,1e-08,10000,10,1,10070
1000000.0,1000000.0,1e-08,10000,10,1,10094
1000000.0,1000000.0,1e-08,10000,100,1,10075
1000000.0,1000000.0,1e-08,10000,10,1,10066
1000000.0,1000000.0,1e-08,10000,10,1,10078
1000000.0,1000000.0,1e-08,10000,10,1,10067
1000000.0,1000000.0,1e-08,10000,10,1,10090
1000000.0,1000000.0,1e-08,10000,100,1,10082
1000000.0,1000000.0,1e-08,10000,100,1,10067
1000000.0,1000000.0,1e-08,10000,100,1,10079
1000000.0,1000000.0,1e-08,10000,100,1,10066
1000000.0,1000000.0,1e-08,10000,100,1,10072
1000000.0,1000000.0,1e-08,10000,100,1,10057
1000000.0,1000000.0,1e-08,10000,100,1,10073
1000000.0,1000000.0,1e-08,10000,100,1,10076
1000000.0,1000000.0,1e-08,10000,100,1,10091
1000000.0,1000000.0,1e-08,10000,100,1,10076
1000000.0,1000000.0,1e-08,10000,100,1,10076
1000000.0,1000000.0,1e-08,10000,100,1,10076
1000000.0,1000000.0,1e-08,10000,100,1,10079
1000000.0,1000000.0,1e-08,10000,100,1,10091
1000000.0,1000000.0,1e-08,10000,100,1,10086
1000000.0,1000000.0,1e-08,10000,100,1,10090
1000000.0,1000000.0,1e-08,10000,100,1,10059
1000000.0,1000000.0,1e-08,10000,100,1,10065
1000000.0,1000000.0,1e-08,10000,100,1,10088
1000000.0,1000000.0,1e-08,10000,1000,1,10076
1000000.0,1000000.0,1e-08,10000,1000,1,10071
1000000.0,1000000.0,1e-08,10000,1000,1,10099
1000000.0,1000000.0,1e-08,10000,100,1,10059
1000000.0,1000000.0,1e-08,10000,1000,1,10085
1000000.0,1000000.0,1e-08,10000,1000,1,10077
1000000.0,1000000.0,1e-08,10000,100,1,10073
1000000.0,1000000.0,1e-08,10000,1000,1,10059
1000000.0,1000000.0,1e-08,10000,1000,1,10057
1000000.0,1000000.0,1e-08,10000,100,1,10073
1000000.0,1000000.0,1e-08,10000,1000,1,10076
1000000.0,1000000.0,1e-08,10000,1000,1,10067
1000000.0,1000000.0,1e-08,10000,1000,1,10072
1000000.0,1000000.0,1e-08,10000,1000,1,10084
1000000.0,1000000.0,1e-08,10000,1000,1,10081
1000000.0,1000000.0,1e-08,10000,1000,1,10058
1000000.0,1000000.0,1e-08,10000,1000,1,10077
1000000.0,1000000.0,1e-08,10000,1000,1,10075
1000000.0,1000000.0,1e-08,10000,1000,1,10062
1000000.0,1000000.0,1e-08,10000,1000,1,10078
1000000.0,1000000.0,1e-08,10000,1000,1,10072
1000000.0,1000000.0,1e-08,10000,1000,1,10065
1000000.0,1000000.0,1e-08,10000,1000,1,10059
1000000.0,1000000.0,1e-08,10000,1000,1,10044
1000000.0,1000000.0,1e-08,10000,1000,1,10072
1000000.0,1000000.0,1e-08,10000,1000,1,10073
1000000.0,1000000.0,1e-08,10000,1000,1,10080
1000000.0,1000000.0,1e-08,10000,10000,1,10073
1000000.0,1000000.0,1e-08,10000,1000,1,10051
1000000.0,1000000.0,1e-08,10000,10000,1,10092
1000000.0,1000000.0,1e-08,10000,10000,1,10073
1000000.0,1000000.0,1e-08,10000,10000,1,10066
1000000.0,1000000.0,1e-08,10000,10000,1,10078
1000000.0,1000000.0,1e-08,10000,10000,1,10078
1000000.0,1000000.0,1e-08,10000,10000,1,10086
1000000.0,1000000.0,1e-08,10000,10000,1,10097
1000000.0,1000000.0,1e-08,10000,10000,1,10088
1000000.0,1000000.0,1e-08,10000,10000,1,10047
1000000.0,1000000.0,1e-08,10000,10000,1,10070
1000000.0,1000000.0,1e-08,10000,10000,1,10081
1000000.0,1000000.0,1e-08,10000,10000,1,10080
1000000.0,1000000.0,1e-08,10000,10000,1,10084
1000000.0,1000000.0,1e-08,10000,10000,1,10067
1000000.0,1000000.0,1e-08,10000,10000,1,10067
1000000.0,1000000.0,1e-08,10000,10000,1,10086
1000000.0,1000000.0,1e-08,10000,10000,1,10069
1000000.0,1000000.0,1e-08,10000,10000,1,10080
1000000.0,1000000.0,1e-08,10000,10000,1,10062
1000000.0,1000000.0,1e-08,10000,10000,1,10086
1000000.0,1000000.0,1e-08,10000,10000,1,10083
1000000.0,1000000.0,1e-08,10000,10000,1,10079
1000000.0,1000000.0,1e-08,10000,10000,1,10068
1000000.0,1000000.0,1e-08,10000,10000,1,10065
1000000.0,1000000.0,1e-08,10000,100000,1,10085
1000000.0,1000000.0,1e-08,10000,100000,1,10068
1000000.0,1000000.0,1e-08,10000,100000,1,10080
1000000.0,1000000.0,1e-08,10000,100000,1,10084
1000000.0,1000000.0,1e-08,10000,100000,1,10080
1000000.0,1000000.0,1e-08,10000,100000,1,10075
1000000.0,1000000.0,1e-08,10000,100000,1,10079
1000000.0,1000000.0,1e-08,10000,100000,1,10060
1000000.0,1000000.0,1e-08,10000,100000,1,10066
1000000.0,1000000.0,1e-08,10000,100000,1,10072
1000000.0,1000000.0,1e-08,10000,100000,1,10054
1000000.0,1000000.0,1e-08,10000,100000,1,10085
1000000.0,1000000.0,1e-08,10000,100000,1,10101
1000000.0,1000000.0,1e-08,10000,100000,1,10068
1000000.0,1000000.0,1e-08,10000,100000,1,10062
1000000.0,1000000.0,1e-08,10000,100000,1,10069
1000000.0,1000000.0,1e-08,10000,100000,1,10089
1000000.0,1000000.0,1e-08,10000,100000,1,10069
1000000.0,1000000.0,1e-08,10000,1000000,1,10052
1000000.0,1000000.0,1e-08,10000,100000,1,10081
1000000.0,1000000.0,1e-08,10000,100000,1,10078
1000000.0,1000000.0,1e-08,10000,100000,1,10080
1000000.0,1000000.0,1e-08,10000,100000,1,10081
1000000.0,1000000.0,1e-08,10000,100000,1,10075
1000000.0,1000000.0,1e-08,10000,100000,1,10070
1000000.0,1000000.0,1e-08,10000,100000,1,10045
1000000.0,1000000.0,1e-08,10000,1000000,1,10071
1000000.0,1000000.0,1e-08,10000,1000000,1,10071
1000000.0,1000000.0,1e-08,10000,1000000,1,10076
1000000.0,1000000.0,1e-08,10000,1000000,1,10068
1000000.0,1000000.0,1e-08,10000,1000000,1,10082
1000000.0,1000000.0,1e-08,10000,1000000,1,10078
1000000.0,1000000.0,1e-08,10000,1000000,1,10063
1000000.0,1000000.0,1e-08,10000,1000000,1,10071
1000000.0,1000000.0,1e-08,10000,1000000,1,10082
1000000.0,1000000.0,1e-08,10000,1000000,1,10080
1000000.0,1000000.0,1e-08,10000,1000000,1,10068
1000000.0,1000000.0,1e-08,10000,1000000,1,10074
1000000.0,1000000.0,1e-08,10000,1000000,1,10084
1000000.0,1000000.0,1e-08,10000,1000000,1,10074
1000000.0,1000000.0,1e-08,10000,1000000,1,10080
1000000.0,1000000.0,1e-08,10000,1000000,1,10068
1000000.0,1000000.0,1e-08,10000,1000000,1,10080
1000000.0,1000000.0,1e-08,10000,1000000,1,10077
1000000.0,1000000.0,1e-08,10000,1000000,1,10075
1000000.0,1000000.0,1e-08,10000,smc_k,1,10083
1000000.0,1000000.0,1e-08,10000,1000000,1,10078
1000000.0,1000000.0,1e-08,10000,1000000,1,10070
1000000.0,1000000.0,1e-08,10000,smc_k,1,10089
1000000.0,1000000.0,1e-08,10000,1000000,1,10065
1000000.0,1000000.0,1e-08,10000,1000000,1,10085
1000000.0,1000000.0,1e-08,10000,smc_k,1,10110
1000000.0,1000000.0,1e-08,10000,smc_k,1,10064
1000000.0,1000000.0,1e-08,10000,1000000,1,10060
1000000.0,1000000.0,1e-08,10000,smc_k,1,10072
1000000.0,1000000.0,1e-08,10000,smc_k,1,10079
1000000.0,1000000.0,1e-08,10000,smc_k,1,10079
1000000.0,1000000.0,1e-08,10000,smc_k,1,10088
1000000.0,1000000.0,1e-08,10000,smc_k,1,10082
1000000.0,1000000.0,1e-08,10000,smc_k,1,10077
1000000.0,1000000.0,1e-08,10000,smc_k,1,10076
1000000.0,1000000.0,1e-08,10000,smc_k,1,10077
1000000.0,1000000.0,1e-08,10000,smc_k,1,10073
1000000.0,1000000.0,1e-08,10000,smc_k,1,10070
1000000.0,1000000.0,1e-08,10000,smc_k,1,10082
1000000.0,1000000.0,1e-08,10000,smc_k,1,10081
1000000.0,1000000.0,1e-08,10000,smc_k,1,10094
1000000.0,1000000.0,1e-08,10000,smc_k,1,10063
1000000.0,1000000.0,1e-08,10000,smc_k,1,10067
1000000.0,1000000.0,1e-08,10000,smc_k,1,10072
1000000.0,1000000.0,1e-08,10000,smc_k,1,10081
1000000.0,1000000.0,1e-08,10000,Hudson,1,10057
1000000.0,1000000.0,1e-08,10000,smc_k,1,10076
1000000.0,1000000.0,1e-08,10000,smc_k,1,10059
1000000.0,1000000.0,1e-08,10000,Hudson,1,10093
1000000.0,1000000.0,1e-08,10000,Hudson,1,10090
1000000.0,1000000.0,1e-08,10000,Hudson,1,10068
1000000.0,1000000.0,1e-08,10000,Hudson,1,10065
1000000.0,1000000.0,1e-08,10000,Hudson,1,10071
1000000.0,1000000.0,1e-08,10000,Hudson,1,10075
1000000.0,1000000.0,1e-08,10000,smc_k,1,10067
1000000.0,1000000.0,1e-08,10000,Hudson,1,10075
1000000.0,1000000.0,1e-08,10000,smc_k,1,10086
1000000.0,1000000.0,1e-08,10000,Hudson,1,10088
1000000.0,1000000.0,1e-08,10000,Hudson,1,10076
1000000.0,1000000.0,1e-08,10000,Hudson,1,10077
1000000.0,1000000.0,1e-08,10000,Hudson,1,10073
1000000.0,1000000.0,1e-08,10000,Hudson,1,10083
1000000.0,1000000.0,1e-08,10000,Hudson,1,10076
1000000.0,1000000.0,1e-08,10000,Hudson,1,10080
1000000.0,1000000.0,1e-08,10000,Hudson,1,10101
1000000.0,1000000.0,1e-08,10000,Hudson,1,10088
1000000.0,1000000.0,1e-08,10000,Hudson,1,10080
1000000.0,1000000.0,1e-08,10000,Hudson,1,10057
1000000.0,1000000.0,1e-08,10000,Hudson,1,10078
1000000.0,1000000.0,1e-08,10000,Hudson,1,10096
1000000.0,1000000.0,1e-08,10000,Hudson,1,10074
1000000.0,1000000.0,1e-08,10000,Hudson,1,10070
1000000.0,1000000.0,1e-08,10000,Hudson,1,10070
1000000.0,1000000.0,1e-08,10000,Hudson,1,10083
1000000.0,1000000.0,1e-08,10000,dtwf,1,10067
1000000.0,1000000.0,1e-08,10000,dtwf,1,10077
1000000.0,1000000.0,1e-08,10000,dtwf,1,10081
1000000.0,1000000.0,1e-08,10000,dtwf,1,10068
1000000.0,1000000.0,1e-08,10000,dtwf,1,10058
1000000.0,1000000.0,1e-08,10000,dtwf,1,10068
1000000.0,1000000.0,1e-08,10000,dtwf,1,10081
1000000.0,1000000.0,1e-08,10000,dtwf,1,10059
1000000.0,1000000.0,1e-08,10000,dtwf,1,10047
1000000.0,1000000.0,1e-08,10000,dtwf,1,10076
1000000.0,1000000.0,1e-08,10000,dtwf,1,10073
1000000.0,1000000.0,1e-08,10000,dtwf,1,10064
1000000.0,1000000.0,1e-08,10000,dtwf,1,10070
1000000.0,1000000.0,1e-08,10000,dtwf,1,10082
1000000.0,1000000.0,1e-08,10000,dtwf,1,10068
1000000.0,1000000.0,1e-08,10000,dtwf,1,10065
1000000.0,1000000.0,1e-08,10000,dtwf,1,10078
1000000.0,1000000.0,1e-08,10000,dtwf,1,10079
1000000.0,1000000.0,1e-08,10000,dtwf,1,10075
1000000.0,1000000.0,1e-08,10000,dtwf,1,10084
1000000.0,1000000.0,1e-08,10000,dtwf,1,10076
1000000.0,1000000.0,1e-08,10000,dtwf,1,10084
1000000.0,1000000.0,1e-08,10000,dtwf,1,10084
1000000.0,1000000.0,1e-08,10000,dtwf,1,10066
1000000.0,1000000.0,1e-08,10000,10,5,10331
1000000.0,1000000.0,1e-08,10000,10,5,10392
1000000.0,1000000.0,1e-08,10000,dtwf,1,10049
1000000.0,1000000.0,1e-08,10000,10,5,10419
1000000.0,1000000.0,1e-08,10000,10,5,10336
1000000.0,1000000.0,1e-08,10000,10,5,10387
1000000.0,1000000.0,1e-08,10000,10,5,10394
1000000.0,1000000.0,1e-08,10000,10,5,10341
1000000.0,1000000.0,1e-08,10000,10,5,10375
1000000.0,1000000.0,1e-08,10000,10,5,10417
1000000.0,1000000.0,1e-08,10000,10,5,10374
1000000.0,1000000.0,1e-08,10000,10,5,10379
1000000.0,1000000.0,1e-08,10000,10,5,10344
1000000.0,1000000.0,1e-08,10000,10,5,10323
1000000.0,1000000.0,1e-08,10000,10,5,10393
1000000.0,1000000.0,1e-08,10000,10,5,10354
1000000.0,1000000.0,1e-08,10000,10,5,10401
1000000.0,1000000.0,1e-08,10000,10,5,10360
1000000.0,1000000.0,1e-08,10000,10,5,10348
1000000.0,1000000.0,1e-08,10000,10,5,10350
1000000.0,1000000.0,1e-08,10000,100,5,10355
1000000.0,1000000.0,1e-08,10000,100,5,10346
1000000.0,1000000.0,1e-08,10000,100,5,10299
1000000.0,1000000.0,1e-08,10000,10,5,10394
1000000.0,1000000.0,1e-08,10000,10,5,10358
1000000.0,1000000.0,1e-08,10000,10,5,10381
1000000.0,1000000.0,1e-08,10000,10,5,10351
1000000.0,1000000.0,1e-08,10000,100,5,10369
1000000.0,1000000.0,1e-08,10000,10,5,10342
1000000.0,1000000.0,1e-08,10000,10,5,10360
1000000.0,1000000.0,1e-08,10000,100,5,10380
1000000.0,1000000.0,1e-08,10000,100,5,10356
1000000.0,1000000.0,1e-08,10000,100,5,10364
1000000.0,1000000.0,1e-08,10000,100,5,10338
1000000.0,1000000.0,1e-08,10000,100,5,10384
1000000.0,1000000.0,1e-08,10000,100,5,10321
1000000.0,1000000.0,1e-08,10000,100,5,10379
1000000.0,1000000.0,1e-08,10000,100,5,10351
1000000.0,1000000.0,1e-08,10000,100,5,10389
1000000.0,1000000.0,1e-08,10000,100,5,10364
1000000.0,1000000.0,1e-08,10000,100,5,10362
1000000.0,1000000.0,1e-08,10000,100,5,10329
1000000.0,1000000.0,1e-08,10000,100,5,10380
1000000.0,1000000.0,1e-08,10000,100,5,10350
1000000.0,1000000.0,1e-08,10000,100,5,10363
1000000.0,1000000.0,1e-08,10000,100,5,10384
1000000.0,1000000.0,1e-08,10000,100,5,10409
1000000.0,1000000.0,1e-08,10000,100,5,10394
1000000.0,1000000.0,1e-08,10000,100,5,10374
1000000.0,1000000.0,1e-08,10000,1000,5,10381
1000000.0,1000000.0,1e-08,10000,1000,5,10387
1000000.0,1000000.0,1e-08,10000,1000,5,10361
1000000.0,1000000.0,1e-08,10000,100,5,10417
1000000.0,1000000.0,1e-08,10000,100,5,10386
1000000.0,1000000.0,1e-08,10000,1000,5,10389
1000000.0,1000000.0,1e-08,10000,1000,5,10374
1000000.0,1000000.0,1e-08,10000,1000,5,10393
1000000.0,1000000.0,1e-08,10000,1000,5,10325
1000000.0,1000000.0,1e-08,10000,1000,5,10373
1000000.0,1000000.0,1e-08,10000,1000,5,10400
1000000.0,1000000.0,1e-08,10000,1000,5,10348
1000000.0,1000000.0,1e-08,10000,1000,5,10365
1000000.0,1000000.0,1e-08,10000,1000,5,10381
1000000.0,1000000.0,1e-08,10000,1000,5,10404
1000000.0,1000000.0,1e-08,10000,1000,5,10412
1000000.0,1000000.0,1e-08,10000,1000,5,10368
1000000.0,1000000.0,1e-08,10000,1000,5,10353
1000000.0,1000000.0,1e-08,10000,1000,5,10373
1000000.0,1000000.0,1e-08,10000,1000,5,10346
1000000.0,1000000.0,1e-08,10000,1000,5,10360
1000000.0,1000000.0,1e-08,10000,1000,5,10347
1000000.0,1000000.0,1e-08,10000,1000,5,10361
1000000.0,1000000.0,1e-08,10000,1000,5,10367
1000000.0,1000000.0,1e-08,10000,1000,5,10378
1000000.0,1000000.0,1e-08,10000,1000,5,10388
1000000.0,1000000.0,1e-08,10000,1000,5,10389
1000000.0,1000000.0,1e-08,10000,10000,5,10364
1000000.0,1000000.0,1e-08,10000,10000,5,10356
1000000.0,1000000.0,1e-08,10000,10000,5,10332
1000000.0,1000000.0,1e-08,10000,10000,5,10378
1000000.0,1000000.0,1e-08,10000,10000,5,10389
1000000.0,1000000.0,1e-08,10000,10000,5,10361
1000000.0,1000000.0,1e-08,10000,10000,5,10374
1000000.0,1000000.0,1e-08,10000,10000,5,10339
1000000.0,1000000.0,1e-08,10000,10000,5,10343
1000000.0,1000000.0,1e-08,10000,10000,5,10379
1000000.0,1000000.0,1e-08,10000,10000,5,10341
1000000.0,1000000.0,1e-08,10000,10000,5,10328
1000000.0,1000000.0,1e-08,10000,10000,5,10386
1000000.0,1000000.0,1e-08,10000,10000,5,10388
1000000.0,1000000.0,1e-08,10000,10000,5,10370
1000000.0,1000000.0,1e-08,10000,10000,5,10327
1000000.0,1000000.0,1e-08,10000,10000,5,10365
1000000.0,1000000.0,1e-08,10000,10000,5,10370
1000000.0,1000000.0,1e-08,10000,10000,5,10380
1000000.0,1000000.0,1e-08,10000,10000,5,10425
1000000.0,1000000.0,1e-08,10000,10000,5,10352
1000000.0,1000000.0,1e-08,10000,10000,5,10362
1000000.0,1000000.0,1e-08,10000,10000,5,10309
1000000.0,1000000.0,1e-08,10000,100000,5,10391
1000000.0,1000000.0,1e-08,10000,10000,5,10366
1000000.0,1000000.0,1e-08,10000,100000,5,10338
1000000.0,1000000.0,1e-08,10000,100000,5,10383
1000000.0,1000000.0,1e-08,10000,100000,5,10385
1000000.0,1000000.0,1e-08,10000,10000,5,10330
1000000.0,1000000.0,1e-08,10000,100000,5,10378
1000000.0,1000000.0,1e-08,10000,100000,5,10392
1000000.0,1000000.0,1e-08,10000,100000,5,10349
1000000.0,1000000.0,1e-08,10000,100000,5,10354
1000000.0,1000000.0,1e-08,10000,100000,5,10360
1000000.0,1000000.0,1e-08,10000,100000,5,10406
1000000.0,1000000.0,1e-08,10000,100000,5,10329
1000000.0,1000000.0,1e-08,10000,100000,5,10355
1000000.0,1000000.0,1e-08,10000,100000,5,10360
1000000.0,1000000.0,1e-08,10000,100000,5,10367
1000000.0,1000000.0,1e-08,10000,100000,5,10353
1000000.0,1000000.0,1e-08,10000,100000,5,10396
1000000.0,1000000.0,1e-08,10000,100000,5,10348
1000000.0,1000000.0,1e-08,10000,100000,5,10333
1000000.0,1000000.0,1e-08,10000,100000,5,10395
1000000.0,1000000.0,1e-08,10000,100000,5,10410
1000000.0,1000000.0,1e-08,10000,100000,5,10386
1000000.0,1000000.0,1e-08,10000,100000,5,10358
1000000.0,1000000.0,1e-08,10000,1000000,5,10385
1000000.0,1000000.0,1e-08,10000,100000,5,10339
1000000.0,1000000.0,1e-08,10000,1000000,5,10395
1000000.0,1000000.0,1e-08,10000,100000,5,10400
1000000.0,1000000.0,1e-08,10000,100000,5,10413
1000000.0,1000000.0,1e-08,10000,1000000,5,10378
1000000.0,1000000.0,1e-08,10000,1000000,5,10367
1000000.0,1000000.0,1e-08,10000,1000000,5,10325
1000000.0,1000000.0,1e-08,10000,1000000,5,10391
1000000.0,1000000.0,1e-08,10000,1000000,5,10378
1000000.0,1000000.0,1e-08,10000,1000000,5,10360
1000000.0,1000000.0,1e-08,10000,1000000,5,10369
1000000.0,1000000.0,1e-08,10000,1000000,5,10360
1000000.0,1000000.0,1e-08,10000,1000000,5,10398
1000000.0,1000000.0,1e-08,10000,1000000,5,10327
1000000.0,1000000.0,1e-08,10000,1000000,5,10336
1000000.0,1000000.0,1e-08,10000,1000000,5,10357
1000000.0,1000000.0,1e-08,10000,1000000,5,10358
1000000.0,1000000.0,1e-08,10000,1000000,5,10378
1000000.0,1000000.0,1e-08,10000,1000000,5,10397
1000000.0,1000000.0,1e-08,10000,1000000,5,10312
1000000.0,1000000.0,1e-08,10000,1000000,5,10403
1000000.0,1000000.0,1e-08,10000,1000000,5,10356
1000000.0,1000000.0,1e-08,10000,1000000,5,10329
1000000.0,1000000.0,1e-08,10000,1000000,5,10381
1000000.0,1000000.0,1e-08,10000,1000000,5,10356
1000000.0,1000000.0,1e-08,10000,1000000,5,10358
1000000.0,1000000.0,1e-08,10000,1000000,5,10385
1000000.0,1000000.0,1e-08,10000,smc_k,5,10394
1000000.0,1000000.0,1e-08,10000,smc_k,5,10362
1000000.0,1000000.0,1e-08,10000,smc_k,5,10408
1000000.0,1000000.0,1e-08,10000,smc_k,5,10359
1000000.0,1000000.0,1e-08,10000,smc_k,5,10387
1000000.0,1000000.0,1e-08,10000,smc_k,5,10330
1000000.0,1000000.0,1e-08,10000,smc_k,5,10356
1000000.0,1000000.0,1e-08,10000,smc_k,5,10348
1000000.0,1000000.0,1e-08,10000,smc_k,5,10316
1000000.0,1000000.0,1e-08,10000,smc_k,5,10349
1000000.0,1000000.0,1e-08,10000,smc_k,5,10325
1000000.0,1000000.0,1e-08,10000,smc_k,5,10392
1000000.0,1000000.0,1e-08,10000,smc_k,5,10377
1000000.0,1000000.0,1e-08,10000,smc_k,5,10361
1000000.0,1000000.0,1e-08,10000,smc_k,5,10393
1000000.0,1000000.0,1e-08,10000,smc_k,5,10344
1000000.0,1000000.0,1e-08,10000,smc_k,5,10349
1000000.0,1000000.0,1e-08,10000,smc_k,5,10371
1000000.0,1000000.0,1e-08,10000,smc_k,5,10334
1000000.0,1000000.0,1e-08,10000,Hudson,5,10373
1000000.0,1000000.0,1e-08,10000,Hudson,5,10359
1000000.0,1000000.0,1e-08,10000,smc_k,5,10358
1000000.0,1000000.0,1e-08,10000,Hudson,5,10385
1000000.0,1000000.0,1e-08,10000,smc_k,5,10369
1000000.0,1000000.0,1e-08,10000,Hudson,5,10349
1000000.0,1000000.0,1e-08,10000,smc_k,5,10380
1000000.0,1000000.0,1e-08,10000,Hudson,5,10397
1000000.0,1000000.0,1e-08,10000,Hudson,5,10337
1000000.0,1000000.0,1e-08,10000,smc_k,5,10329
1000000.0,1000000.0,1e-08,10000,Hudson,5,10378
1000000.0,1000000.0,1e-08,10000,Hudson,5,10366
1000000.0,1000000.0,1e-08,10000,smc_k,5,10359
1000000.0,1000000.0,1e-08,10000,smc_k,5,10367
1000000.0,1000000.0,1e-08,10000,Hudson,5,10340
1000000.0,1000000.0,1e-08,10000,Hudson,5,10339
1000000.0,1000000.0,1e-08,10000,Hudson,5,10395
1000000.0,1000000.0,1e-08,10000,Hudson,5,10371
1000000.0,1000000.0,1e-08,10000,Hudson,5,10346
1000000.0,1000000.0,1e-08,10000,Hudson,5,10350
1000000.0,1000000.0,1e-08,10000,Hudson,5,10385
1000000.0,1000000.0,1e-08,10000,Hudson,5,10419
1000000.0,1000000.0,1e-08,10000,Hudson,5,10346
1000000.0,1000000.0,1e-08,10000,Hudson,5,10364
1000000.0,1000000.0,1e-08,10000,Hudson,5,10373
1000000.0,1000000.0,1e-08,10000,Hudson,5,10283
1000000.0,1000000.0,1e-08,10000,Hudson,5,10349
1000000.0,1000000.0,1e-08,10000,Hudson,5,10350
1000000.0,1000000.0,1e-08,10000,Hudson,5,10325
1000000.0,1000000.0,1e-08,10000,Hudson,5,10368
1000000.0,1000000.0,1e-08,10000,Hudson,5,10371
1000000.0,1000000.0,1e-08,10000,dtwf,5,10300
1000000.0,1000000.0,1e-08,10000,dtwf,5,10372
1000000.0,1000000.0,1e-08,10000,dtwf,5,10377
1000000.0,1000000.0,1e-08,10000,dtwf,5,10378
1000000.0,1000000.0,1e-08,10000,dtwf,5,10392
1000000.0,1000000.0,1e-08,10000,dtwf,5,10353
1000000.0,1000000.0,1e-08,10000,dtwf,5,10415
1000000.0,1000000.0,1e-08,10000,dtwf,5,10324
1000000.0,1000000.0,1e-08,10000,dtwf,5,10380
1000000.0,1000000.0,1e-08,10000,dtwf,5,10325
1000000.0,1000000.0,1e-08,10000,dtwf,5,10409
1000000.0,1000000.0,1e-08,10000,dtwf,5,10332
1000000.0,1000000.0,1e-08,10000,dtwf,5,10388
1000000.0,1000000.0,1e-08,10000,dtwf,5,10384
1000000.0,1000000.0,1e-08,10000,dtwf,5,10341
1000000.0,1000000.0,1e-08,10000,dtwf,5,10378
1000000.0,1000000.0,1e-08,10000,dtwf,5,10324
1000000.0,1000000.0,1e-08,10000,dtwf,5,10379
1000000.0,1000000.0,1e-08,10000,dtwf,5,10394
1000000.0,1000000.0,1e-08,10000,dtwf,5,10346
1000000.0,1000000.0,1e-08,10000,dtwf,5,10371
1000000.0,1000000.0,1e-08,10000,dtwf,5,10340
1000000.0,1000000.0,1e-08,10000,dtwf,5,10330
1000000.0,1000000.0,1e-08,10000,dtwf,5,10346
1000000.0,1000000.0,1e-08,10000,10,10,10709
1000000.0,1000000.0,1e-08,10000,10,10,10692
1000000.0,1000000.0,1e-08,10000,dtwf,5,10347
1000000.0,1000000.0,1e-08,10000,10,10,10711
1000000.0,1000000.0,1e-08,10000,10,10,10642
1000000.0,1000000.0,1e-08,10000,10,10,10722
1000000.0,1000000.0,1e-08,10000,10,10,10656
1000000.0,1000000.0,1e-08,10000,10,10,10708
1000000.0,1000000.0,1e-08,10000,10,10,10668
1000000.0,1000000.0,1e-08,10000,10,10,10720
1000000.0,1000000.0,1e-08,10000,10,10,10736
1000000.0,1000000.0,1e-08,10000,10,10,10715
1000000.0,1000000.0,1e-08,10000,10,10,10703
1000000.0,1000000.0,1e-08,10000,10,10,10744
1000000.0,1000000.0,1e-08,10000,10,10,10736
1000000.0,1000000.0,1e-08,10000,10,10,10710
1000000.0,1000000.0,1e-08,10000,10,10,10727
1000000.0,1000000.0,1e-08,10000,10,10,10715
1000000.0,1000000.0,1e-08,10000,100,10,10724
1000000.0,1000000.0,1e-08,10000,10,10,10704
1000000.0,1000000.0,1e-08,10000,10,10,10697
1000000.0,1000000.0,1e-08,10000,10,10,10764
1000000.0,1000000.0,1e-08,10000,10,10,10776
1000000.0,1000000.0,1e-08,10000,10,10,10669
1000000.0,1000000.0,1e-08,10000,10,10,10797
1000000.0,1000000.0,1e-08,10000,100,10,10768
1000000.0,1000000.0,1e-08,10000,10,10,10716
1000000.0,1000000.0,1e-08,10000,100,10,10748
1000000.0,1000000.0,1e-08,10000,10,10,10707
1000000.0,1000000.0,1e-08,10000,100,10,10621
1000000.0,1000000.0,1e-08,10000,100,10,10728
1000000.0,1000000.0,1e-08,10000,100,10,10761
1000000.0,1000000.0,1e-08,10000,100,10,10664
1000000.0,1000000.0,1e-08,10000,100,10,10778
1000000.0,1000000.0,1e-08,10000,100,10,10721
1000000.0,1000000.0,1e-08,10000,100,10,10776
1000000.0,1000000.0,1e-08,10000,100,10,10724
1000000.0,1000000.0,1e-08,10000,100,10,10691
1000000.0,1000000.0,1e-08,10000,100,10,10695
1000000.0,1000000.0,1e-08,10000,100,10,10708
1000000.0,1000000.0,1e-08,10000,100,10,10722
1000000.0,1000000.0,1e-08,10000,100,10,10674
1000000.0,1000000.0,1e-08,10000,100,10,10791
1000000.0,1000000.0,1e-08,10000,100,10,10726
1000000.0,1000000.0,1e-08,10000,100,10,10714
1000000.0,1000000.0,1e-08,10000,100,10,10751
1000000.0,1000000.0,1e-08,10000,100,10,10725
1000000.0,1000000.0,1e-08,10000,100,10,10702
1000000.0,1000000.0,1e-08,10000,1000,10,10722
1000000.0,1000000.0,1e-08,10000,100,10,10738
1000000.0,1000000.0,1e-08,10000,100,10,10732
1000000.0,1000000.0,1e-08,10000,1000,10,10719
1000000.0,1000000.0,1e-08,10000,1000,10,10765
1000000.0,1000000.0,1e-08,10000,100,10,10698
1000000.0,1000000.0,1e-08,10000,1000,10,10722
1000000.0,1000000.0,1e-08,10000,1000,10,10738
1000000.0,1000000.0,1e-08,10000,1000,10,10734
1000000.0,1000000.0,1e-08,10000,1000,10,10752
1000000.0,1000000.0,1e-08,10000,1000,10,10731
1000000.0,1000000.0,1e-08,10000,1000,10,10736
1000000.0,1000000.0,1e-08,10000,1000,10,10794
1000000.0,1000000.0,1e-08,10000,1000,10,10730
1000000.0,1000000.0,1e-08,10000,1000,10,10788
1000000.0,1000000.0,1e-08,10000,1000,10,10709
1000000.0,1000000.0,1e-08,10000,1000,10,10764
1000000.0,1000000.0,1e-08,10000,1000,10,10720
1000000.0,1000000.0,1e-08,10000,1000,10,10676
1000000.0,1000000.0,1e-08,10000,1000,10,10703
1000000.0,1000000.0,1e-08,10000,1000,10,10735
1000000.0,1000000.0,1e-08,10000,1000,10,10759
1000000.0,1000000.0,1e-08,10000,1000,10,10768
1000000.0,1000000.0,1e-08,10000,1000,10,10727
1000000.0,1000000.0,1e-08,10000,1000,10,10689
1000000.0,1000000.0,1e-08,10000,1000,10,10732
1000000.0,1000000.0,1e-08,10000,1000,10,10768
1000000.0,1000000.0,1e-08,10000,1000,10,10715
1000000.0,1000000.0,1e-08,10000,10000,10,10699
1000000.0,1000000.0,1e-08,10000,10000,10,10741
1000000.0,1000000.0,1e-08,10000,10000,10,10727
1000000.0,1000000.0,1e-08,10000,10000,10,10726
1000000.0,1000000.0,1e-08,10000,10000,10,10701
1000000.0,1000000.0,1e-08,10000,10000,10,10678
1000000.0,1000000.0,1e-08,10000,10000,10,10776
1000000.0,1000000.0,1e-08,10000,10000,10,10709
1000000.0,1000000.0,1e-08,10000,10000,10,10645
1000000.0,1000000.0,1e-08,10000,10000,10,10694
1000000.0,1000000.0,1e-08,10000,10000,10,10705
1000000.0,1000000.0,1e-08,10000,10000,10,10724
1000000.0,1000000.0,1e-08,10000,10000,10,10679
1000000.0,1000000.0,1e-08,10000,10000,10,10746
1000000.0,1000000.0,1e-08,10000,10000,10,10704
1000000.0,1000000.0,1e-08,10000,10000,10,10676
1000000.0,1000000.0,1e-08,10000,10000,10,10666
1000000.0,1000000.0,1e-08,10000,10000,10,10683
1000000.0,1000000.0,1e-08,10000,10000,10,10768
1000000.0,1000000.0,1e-08,10000,10000,10,10719
1000000.0,1000000.0,1e-08,10000,100000,10,10673
1000000.0,1000000.0,1e-08,10000,10000,10,10774
1000000.0,1000000.0,1e-08,10000,10000,10,10740
1000000.0,1000000.0,1e-08,10000,100000,10,10734
1000000.0,1000000.0,1e-08,10000,10000,10,10693
1000000.0,1000000.0,1e-08,10000,10000,10,10705
1000000.0,1000000.0,1e-08,10000,10000,10,10737
1000000.0,1000000.0,1e-08,10000,100000,10,10687
1000000.0,1000000.0,1e-08,10000,100000,10,10681
1000000.0,1000000.0,1e-08,10000,100000,10,10731
1000000.0,1000000.0,1e-08,10000,100000,10,10698
1000000.0,1000000.0,1e-08,10000,100000,10,10745
1000000.0,1000000.0,1e-08,10000,100000,10,10697
1000000.0,1000000.0,1e-08,10000,100000,10,10732
1000000.0,1000000.0,1e-08,10000,100000,10,10702
1000000.0,1000000.0,1e-08,10000,100000,10,10702
1000000.0,1000000.0,1e-08,10000,100000,10,10743
1000000.0,1000000.0,1e-08,10000,100000,10,10680
1000000.0,1000000.0,1e-08,10000,100000,10,10689
1000000.0,1000000.0,1e-08,10000,100000,10,10708
1000000.0,1000000.0,1e-08,10000,100000,10,10743
1000000.0,1000000.0,1e-08,10000,100000,10,10731
1000000.0,1000000.0,1e-08,10000,100000,10,10713
1000000.0,1000000.0,1e-08,10000,100000,10,10715
1000000.0,1000000.0,1e-08,10000,100000,10,10757
1000000.0,1000000.0,1e-08,10000,100000,10,10779
1000000.0,1000000.0,1e-08,10000,100000,10,10731
1000000.0,1000000.0,1e-08,10000,1000000,10,10729
1000000.0,1000000.0,1e-08,10000,1000000,10,10734
1000000.0,1000000.0,1e-08,10000,100000,10,10656
1000000.0,1000000.0,1e-08,10000,1000000,10,10744
1000000.0,1000000.0,1e-08,10000,1000000,10,10690
1000000.0,1000000.0,1e-08,10000,1000000,10,10741
1000000.0,1000000.0,1e-08,10000,100000,10,10723
1000000.0,1000000.0,1e-08,10000,100000,10,10693
1000000.0,1000000.0,1e-08,10000,1000000,10,10759
1000000.0,1000000.0,1e-08,10000,1000000,10,10701
1000000.0,1000000.0,1e-08,10000,1000000,10,10691
1000000.0,1000000.0,1e-08,10000,1000000,10,10737
1000000.0,1000000.0,1e-08,10000,1000000,10,10733
1000000.0,1000000.0,1e-08,10000,1000000,10,10736
1000000.0,1000000.0,1e-08,10000,1000000,10,10736
1000000.0,1000000.0,1e-08,10000,1000000,10,10691
1000000.0,1000000.0,1e-08,10000,1000000,10,10769
1000000.0,1000000.0,1e-08,10000,1000000,10,10708
1000000.0,1000000.0,1e-08,10000,1000000,10,10698
1000000.0,1000000.0,1e-08,10000,1000000,10,10723
1000000.0,1000000.0,1e-08,10000,1000000,10,10733
1000000.0,1000000.0,1e-08,10000,1000000,10,10695
1000000.0,1000000.0,1e-08,10000,1000000,10,10698
1000000.0,1000000.0,1e-08,10000,1000000,10,10689
1000000.0,1000000.0,1e-08,10000,1000000,10,10728
1000000.0,1000000.0,1e-08,10000,1000000,10,10725
1000000.0,1000000.0,1e-08,10000,smc_k,10,10748
1000000.0,1000000.0,1e-08,10000,smc_k,10,10701
1000000.0,1000000.0,1e-08,10000,smc_k,10,10713
1000000.0,1000000.0,1e-08,10000,1000000,10,10761
1000000.0,1000000.0,1e-08,10000,1000000,10,10751
1000000.0,1000000.0,1e-08,10000,smc_k,10,10659
1000000.0,1000000.0,1e-08,10000,smc_k,10,10759
1000000.0,1000000.0,1e-08,10000,smc_k,10,10737
1000000.0,1000000.0,1e-08,10000,smc_k,10,10733
1000000.0,1000000.0,1e-08,10000,smc_k,10,10699
1000000.0,1000000.0,1e-08,10000,smc_k,10,10742
1000000.0,1000000.0,1e-08,10000,smc_k,10,10765
1000000.0,1000000.0,1e-08,10000,smc_k,10,10683
1000000.0,1000000.0,1e-08,10000,smc_k,10,10731
1000000.0,1000000.0,1e-08,10000,smc_k,10,10725
1000000.0,1000000.0,1e-08,10000,smc_k,10,10745
1000000.0,1000000.0,1e-08,10000,smc_k,10,10755
1000000.0,1000000.0,1e-08,10000,smc_k,10,10738
1000000.0,1000000.0,1e-08,10000,smc_k,10,10677
1000000.0,1000000.0,1e-08,10000,Hudson,10,10805
1000000.0,1000000.0,1e-08,10000,smc_k,10,10685
1000000.0,1000000.0,1e-08,10000,smc_k,10,10736
1000000.0,1000000.0,1e-08,10000,Hudson,10,10687
1000000.0,1000000.0,1e-08,10000,Hudson,10,10738
1000000.0,1000000.0,1e-08,10000,Hudson,10,10658
1000000.0,1000000.0,1e-08,10000,Hudson,10,10699
1000000.0,1000000.0,1e-08,10000,Hudson,10,10721
1000000.0,1000000.0,1e-08,10000,Hudson,10,10725
1000000.0,1000000.0,1e-08,10000,Hudson,10,10727
1000000.0,1000000.0,1e-08,10000,Hudson,10,10794
1000000.0,1000000.0,1e-08,10000,Hudson,10,10745
1000000.0,1000000.0,1e-08,10000,Hudson,10,10738
1000000.0,1000000.0,1e-08,10000,smc_k,10,10767
1000000.0,1000000.0,1e-08,10000,Hudson,10,10718
1000000.0,1000000.0,1e-08,10000,Hudson,10,10728
1000000.0,1000000.0,1e-08,10000,smc_k,10,10704
1000000.0,1000000.0,1e-08,10000,Hudson,10,10695
1000000.0,1000000.0,1e-08,10000,Hudson,10,10689
1000000.0,1000000.0,1e-08,10000,Hudson,10,10699
1000000.0,1000000.0,1e-08,10000,Hudson,10,10742
1000000.0,1000000.0,1e-08,10000,Hudson,10,10738
1000000.0,1000000.0,1e-08,10000,Hudson,10,10750
1000000.0,1000000.0,1e-08,10000,smc_k,10,10697
1000000.0,1000000.0,1e-08,10000,Hudson,10,10704
1000000.0,1000000.0,1e-08,10000,smc_k,10,10704
1000000.0,1000000.0,1e-08,10000,smc_k,10,10718
1000000.0,1000000.0,1e-08,10000,Hudson,10,10751
1000000.0,1000000.0,1e-08,10000,Hudson,10,10710
1000000.0,1000000.0,1e-08,10000,Hudson,10,10707
1000000.0,1000000.0,1e-08,10000,smc_k,10,10729
1000000.0,1000000.0,1e-08,10000,Hudson,10,10767
1000000.0,1000000.0,1e-08,10000,Hudson,10,10720
1000000.0,1000000.0,1e-08,10000,dtwf,10,10671
1000000.0,1000000.0,1e-08,10000,dtwf,10,10739
1000000.0,1000000.0,1e-08,10000,dtwf,10,10657
1000000.0,1000000.0,1e-08,10000,dtwf,10,10728
1000000.0,1000000.0,1e-08,10000,dtwf,10,10662
1000000.0,1000000.0,1e-08,10000,dtwf,10,10686
1000000.0,1000000.0,1e-08,10000,dtwf,10,10696
1000000.0,1000000.0,1e-08,10000,dtwf,10,10700
1000000.0,1000000.0,1e-08,10000,dtwf,10,10758
1000000.0,1000000.0,1e-08,10000,dtwf,10,10707
1000000.0,1000000.0,1e-08,10000,dtwf,10,10722
1000000.0,1000000.0,1e-08,10000,dtwf,10,10692
1000000.0,1000000.0,1e-08,10000,dtwf,10,10746
1000000.0,1000000.0,1e-08,10000,dtwf,10,10699
1000000.0,1000000.0,1e-08,10000,dtwf,10,10706
1000000.0,1000000.0,1e-08,10000,dtwf,10,10716
1000000.0,1000000.0,1e-08,10000,dtwf,10,10728
1000000.0,1000000.0,1e-08,10000,dtwf,10,10741
1000000.0,1000000.0,1e-08,10000,dtwf,10,10722
1000000.0,1000000.0,1e-08,10000,dtwf,10,10662
1000000.0,1000000.0,1e-08,10000,dtwf,10,10715
1000000.0,1000000.0,1e-08,10000,dtwf,10,10663
1000000.0,1000000.0,1e-08,10000,dtwf,10,10712
1000000.0,1000000.0,1e-08,10000,dtwf,10,10610
1000000.0,1000000.0,1e-08,10000,dtwf,10,10783
1000000.0,1000000.0,1e-08,10000,10,50,13023
1000000.0,1000000.0,1e-08,10000,10,50,12923
1000000.0,1000000.0,1e-08,10000,10,50,13099
1000000.0,1000000.0,1e-08,10000,10,50,13006
1000000.0,1000000.0,1e-08,10000,10,50,13173
1000000.0,1000000.0,1e-08,10000,10,50,13017
1000000.0,1000000.0,1e-08,10000,10,50,13143
1000000.0,1000000.0,1e-08,10000,10,50,13108
1000000.0,1000000.0,1e-08,10000,10,50,13011
1000000.0,1000000.0,1e-08,10000,10,50,12979
1000000.0,1000000.0,1e-08,10000,10,50,13039
1000000.0,1000000.0,1e-08,10000,10,50,13003
1000000.0,1000000.0,1e-08,10000,10,50,13106
1000000.0,1000000.0,1e-08,10000,10,50,13170
1000000.0,1000000.0,1e-08,10000,10,50,13027
1000000.0,1000000.0,1e-08,10000,10,50,12999
1000000.0,1000000.0,1e-08,10000,10,50,13144
1000000.0,1000000.0,1e-08,10000,10,50,13044
1000000.0,1000000.0,1e-08,10000,10,50,13185
1000000.0,1000000.0,1e-08,10000,10,50,13272
1000000.0,1000000.0,1e-08,10000,100,50,13091
1000000.0,1000000.0,1e-08,10000,100,50,13156
1000000.0,1000000.0,1e-08,10000,100,50,13004
1000000.0,1000000.0,1e-08,10000,100,50,13147
1000000.0,1000000.0,1e-08,10000,10,50,13141
1000000.0,1000000.0,1e-08,10000,100,50,13160
1000000.0,1000000.0,1e-08,10000,10,50,13142
1000000.0,1000000.0,1e-08,10000,10,50,13041
1000000.0,1000000.0,1e-08,10000,100,50,12972
1000000.0,1000000.0,1e-08,10000,100,50,13093
1000000.0,1000000.0,1e-08,10000,10,50,13228
1000000.0,1000000.0,1e-08,10000,10,50,13092
1000000.0,1000000.0,1e-08,10000,100,50,13202
1000000.0,1000000.0,1e-08,10000,100,50,13289
1000000.0,1000000.0,1e-08,10000,100,50,13060
1000000.0,1000000.0,1e-08,10000,100,50,13045
1000000.0,1000000.0,1e-08,10000,100,50,12993
1000000.0,1000000.0,1e-08,10000,100,50,13087
1000000.0,1000000.0,1e-08,10000,100,50,13167
1000000.0,1000000.0,1e-08,10000,100,50,13151
1000000.0,1000000.0,1e-08,10000,100,50,13046
1000000.0,1000000.0,1e-08,10000,100,50,13173
1000000.0,1000000.0,1e-08,10000,100,50,13043
1000000.0,1000000.0,1e-08,10000,100,50,13178
1000000.0,1000000.0,1e-08,10000,1000,50,13078
1000000.0,1000000.0,1e-08,10000,100,50,13111
1000000.0,1000000.0,1e-08,10000,1000,50,13031
1000000.0,1000000.0,1e-08,10000,100,50,13068
1000000.0,1000000.0,1e-08,10000,100,50,12991
1000000.0,1000000.0,1e-08,10000,100,50,13049
1000000.0,1000000.0,1e-08,10000,100,50,13087
1000000.0,1000000.0,1e-08,10000,100,50,12957
1000000.0,1000000.0,1e-08,10000,1000,50,13099
1000000.0,1000000.0,1e-08,10000,1000,50,13127
1000000.0,1000000.0,1e-08,10000,1000,50,13103
1000000.0,1000000.0,1e-08,10000,1000,50,13158
1000000.0,1000000.0,1e-08,10000,1000,50,13071
1000000.0,1000000.0,1e-08,10000,1000,50,12927
1000000.0,1000000.0,1e-08,10000,1000,50,13084
1000000.0,1000000.0,1e-08,10000,1000,50,13069
1000000.0,1000000.0,1e-08,10000,1000,50,13181
1000000.0,1000000.0,1e-08,10000,1000,50,13120
1000000.0,1000000.0,1e-08,10000,1000,50,13067
1000000.0,1000000.0,1e-08,10000,1000,50,13204
1000000.0,1000000.0,1e-08,10000,1000,50,13056
1000000.0,1000000.0,1e-08,10000,1000,50,13092
1000000.0,1000000.0,1e-08,10000,1000,50,13029
1000000.0,1000000.0,1e-08,10000,1000,50,13090
1000000.0,1000000.0,1e-08,10000,1000,50,13213
1000000.0,1000000.0,1e-08,10000,1000,50,12977
1000000.0,1000000.0,1e-08,10000,1000,50,13011
1000000.0,1000000.0,1e-08,10000,1000,50,13222
1000000.0,1000000.0,1e-08,10000,10000,50,13111
1000000.0,1000000.0,1e-08,10000,10000,50,13032
1000000.0,1000000.0,1e-08,10000,10000,50,13090
1000000.0,1000000.0,1e-08,10000,10000,50,13184
1000000.0,1000000.0,1e-08,10000,10000,50,13064
1000000.0,1000000.0,1e-08,10000,10000,50,13086
1000000.0,1000000.0,1e-08,10000,1000,50,13107
1000000.0,1000000.0,1e-08,10000,1000,50,13136
1000000.0,1000000.0,1e-08,10000,1000,50,12981
1000000.0,1000000.0,1e-08,10000,10000,50,13142
1000000.0,1000000.0,1e-08,10000,10000,50,13042
1000000.0,1000000.0,1e-08,10000,10000,50,13021
1000000.0,1000000.0,1e-08,10000,10000,50,13089
1000000.0,1000000.0,1e-08,10000,10000,50,13131
1000000.0,1000000.0,1e-08,10000,10000,50,13239
1000000.0,1000000.0,1e-08,10000,10000,50,13198
1000000.0,1000000.0,1e-08,10000,10000,50,13097
1000000.0,1000000.0,1e-08,10000,10000,50,13123
1000000.0,1000000.0,1e-08,10000,10000,50,13128
1000000.0,1000000.0,1e-08,10000,100000,50,13134
1000000.0,1000000.0,1e-08,10000,10000,50,13045
1000000.0,1000000.0,1e-08,10000,100000,50,13078
1000000.0,1000000.0,1e-08,10000,100000,50,13033
1000000.0,1000000.0,1e-08,10000,10000,50,13043
1000000.0,1000000.0,1e-08,10000,10000,50,13071
1000000.0,1000000.0,1e-08,10000,10000,50,13052
1000000.0,1000000.0,1e-08,10000,10000,50,13199
1000000.0,1000000.0,1e-08,10000,100000,50,13175
1000000.0,1000000.0,1e-08,10000,10000,50,13192
1000000.0,1000000.0,1e-08,10000,100000,50,13044
1000000.0,1000000.0,1e-08,10000,100000,50,13133
1000000.0,1000000.0,1e-08,10000,10000,50,13131
1000000.0,1000000.0,1e-08,10000,10000,50,13175
1000000.0,1000000.0,1e-08,10000,10000,50,13115
1000000.0,1000000.0,1e-08,10000,100000,50,13107
1000000.0,1000000.0,1e-08,10000,100000,50,13052
1000000.0,1000000.0,1e-08,10000,100000,50,13060
1000000.0,1000000.0,1e-08,10000,100000,50,13006
1000000.0,1000000.0,1e-08,10000,100000,50,13035
1000000.0,1000000.0,1e-08,10000,100000,50,13046
1000000.0,1000000.0,1e-08,10000,100000,50,13061
1000000.0,1000000.0,1e-08,10000,100000,50,13021
1000000.0,1000000.0,1e-08,10000,100000,50,13012
1000000.0,1000000.0,1e-08,10000,100000,50,13060
1000000.0,1000000.0,1e-08,10000,100000,50,12973
1000000.0,1000000.0,1e-08,10000,100000,50,13077
1000000.0,1000000.0,1e-08,10000,100000,50,13073
1000000.0,1000000.0,1e-08,10000,100000,50,13168
1000000.0,1000000.0,1e-08,10000,100000,50,13030
1000000.0,1000000.0,1e-08,10000,100000,50,13071
1000000.0,1000000.0,1e-08,10000,100000,50,13081
1000000.0,1000000.0,1e-08,10000,100000,50,12974
1000000.0,1000000.0,1e-08,10000,100000,50,13140
1000000.0,1000000.0,1e-08,10000,1000000,50,12987
1000000.0,1000000.0,1e-08,10000,1000000,50,13118
1000000.0,1000000.0,1e-08,10000,1000000,50,12915
1000000.0,1000000.0,1e-08,10000,1000000,50,12938
1000000.0,1000000.0,1e-08,10000,1000000,50,12953
1000000.0,1000000.0,1e-08,10000,1000000,50,13058
1000000.0,1000000.0,1e-08,10000,1000000,50,13035
1000000.0,1000000.0,1e-08,10000,1000000,50,13074
1000000.0,1000000.0,1e-08,10000,1000000,50,12965
1000000.0,1000000.0,1e-08,10000,1000000,50,13085
1000000.0,1000000.0,1e-08,10000,1000000,50,12946
1000000.0,1000000.0,1e-08,10000,1000000,50,13010
1000000.0,1000000.0,1e-08,10000,1000000,50,13093
1000000.0,1000000.0,1e-08,10000,1000000,50,13058
1000000.0,1000000.0,1e-08,10000,1000000,50,12952
1000000.0,1000000.0,1e-08,10000,1000000,50,12998
1000000.0,1000000.0,1e-08,10000,1000000,50,13155
1000000.0,1000000.0,1e-08,10000,1000000,50,13048
1000000.0,1000000.0,1e-08,10000,1000000,50,13040
1000000.0,1000000.0,1e-08,10000,1000000,50,13120
1000000.0,1000000.0,1e-08,10000,smc_k,50,13143
1000000.0,1000000.0,1e-08,10000,smc_k,50,13043
1000000.0,1000000.0,1e-08,10000,smc_k,50,13038
1000000.0,1000000.0,1e-08,10000,smc_k,50,13030
1000000.0,1000000.0,1e-08,10000,1000000,50,12984
1000000.0,1000000.0,1e-08,10000,1000000,50,12953
1000000.0,1000000.0,1e-08,10000,1000000,50,13015
1000000.0,1000000.0,1e-08,10000,1000000,50,12958
1000000.0,1000000.0,1e-08,10000,1000000,50,13073
1000000.0,1000000.0,1e-08,10000,smc_k,50,13140
1000000.0,1000000.0,1e-08,10000,smc_k,50,13077
1000000.0,1000000.0,1e-08,10000,smc_k,50,13064
1000000.0,1000000.0,1e-08,10000,smc_k,50,12968
1000000.0,1000000.0,1e-08,10000,smc_k,50,13140
1000000.0,1000000.0,1e-08,10000,smc_k,50,13169
1000000.0,1000000.0,1e-08,10000,smc_k,50,13149
1000000.0,1000000.0,1e-08,10000,smc_k,50,13109
1000000.0,1000000.0,1e-08,10000,smc_k,50,13122
1000000.0,1000000.0,1e-08,10000,smc_k,50,13121
1000000.0,1000000.0,1e-08,10000,Hudson,50,13010
1000000.0,1000000.0,1e-08,10000,Hudson,50,13009
1000000.0,1000000.0,1e-08,10000,Hudson,50,12994
1000000.0,1000000.0,1e-08,10000,Hudson,50,13083
1000000.0,1000000.0,1e-08,10000,smc_k,50,12938
1000000.0,1000000.0,1e-08,10000,Hudson,50,13027
1000000.0,1000000.0,1e-08,10000,Hudson,50,12989
1000000.0,1000000.0,1e-08,10000,Hudson,50,13019
1000000.0,1000000.0,1e-08,10000,Hudson,50,13023
1000000.0,1000000.0,1e-08,10000,Hudson,50,13035
1000000.0,1000000.0,1e-08,10000,Hudson,50,13075
1000000.0,1000000.0,1e-08,10000,Hudson,50,13028
1000000.0,1000000.0,1e-08,10000,Hudson,50,12981
1000000.0,1000000.0,1e-08,10000,Hudson,50,13054
1000000.0,1000000.0,1e-08,10000,Hudson,50,13015
1000000.0,1000000.0,1e-08,10000,Hudson,50,12947
1000000.0,1000000.0,1e-08,10000,Hudson,50,13062
1000000.0,1000000.0,1e-08,10000,Hudson,50,13053
1000000.0,1000000.0,1e-08,10000,Hudson,50,13013
1000000.0,1000000.0,1e-08,10000,Hudson,50,12955
1000000.0,1000000.0,1e-08,10000,Hudson,50,12909
1000000.0,1000000.0,1e-08,10000,Hudson,50,13016
1000000.0,1000000.0,1e-08,10000,Hudson,50,13156
1000000.0,1000000.0,1e-08,10000,Hudson,50,13012
1000000.0,1000000.0,1e-08,10000,Hudson,50,12941
1000000.0,1000000.0,1e-08,10000,Hudson,50,12967
1000000.0,1000000.0,1e-08,10000,smc_k,50,13113
1000000.0,1000000.0,1e-08,10000,smc_k,50,13087
1000000.0,1000000.0,1e-08,10000,smc_k,50,13190
1000000.0,1000000.0,1e-08,10000,smc_k,50,12971
1000000.0,1000000.0,1e-08,10000,smc_k,50,13079
1000000.0,1000000.0,1e-08,10000,smc_k,50,13107
1000000.0,1000000.0,1e-08,10000,smc_k,50,13050
1000000.0,1000000.0,1e-08,10000,smc_k,50,13097
1000000.0,1000000.0,1e-08,10000,smc_k,50,13145
1000000.0,1000000.0,1e-08,10000,dtwf,50,12923
1000000.0,1000000.0,1e-08,10000,smc_k,50,13141
1000000.0,1000000.0,1e-08,10000,dtwf,50,12963
1000000.0,1000000.0,1e-08,10000,dtwf,50,12973
1000000.0,1000000.0,1e-08,10000,dtwf,50,12965
1000000.0,1000000.0,1e-08,10000,dtwf,50,13029
1000000.0,1000000.0,1e-08,10000,dtwf,50,12964
1000000.0,1000000.0,1e-08,10000,dtwf,50,12936
1000000.0,1000000.0,1e-08,10000,dtwf,50,12905
1000000.0,1000000.0,1e-08,10000,dtwf,50,13095
1000000.0,1000000.0,1e-08,10000,dtwf,50,12989
1000000.0,1000000.0,1e-08,10000,dtwf,50,12839
1000000.0,1000000.0,1e-08,10000,dtwf,50,13057
1000000.0,1000000.0,1e-08,10000,dtwf,50,13021
1000000.0,1000000.0,1e-08,10000,dtwf,50,13002
1000000.0,1000000.0,1e-08,10000,dtwf,50,13049
1000000.0,1000000.0,1e-08,10000,dtwf,50,13013
1000000.0,1000000.0,1e-08,10000,dtwf,50,12990
1000000.0,1000000.0,1e-08,10000,dtwf,50,12968
1000000.0,1000000.0,1e-08,10000,dtwf,50,12872
1000000.0,1000000.0,1e-08,10000,dtwf,50,12907
1000000.0,1000000.0,1e-08,10000,dtwf,50,12965
1000000.0,1000000.0,1e-08,10000,dtwf,50,13017
1000000.0,1000000.0,1e-08,10000,dtwf,50,13006
1000000.0,1000000.0,1e-08,10000,dtwf,50,13048
1000000.0,1000000.0,1e-08,10000,dtwf,50,12998
1000000.0,1000000.0,1e-08,10000,10,100,15124
1000000.0,1000000.0,1e-08,10000,10,100,15237
1000000.0,1000000.0,1e-08,10000,10,100,15342
1000000.0,1000000.0,1e-08,10000,10,100,15193
1000000.0,1000000.0,1e-08,10000,10,100,14993
1000000.0,1000000.0,1e-08,10000,10,100,14971
1000000.0,1000000.0,1e-08,10000,10,100,15228
1000000.0,1000000.0,1e-08,10000,10,100,15148
1000000.0,1000000.0,1e-08,10000,10,100,15205
1000000.0,1000000.0,1e-08,10000,10,100,15164
1000000.0,1000000.0,1e-08,10000,10,100,15262
1000000.0,1000000.0,1e-08,10000,10,100,15215
1000000.0,1000000.0,1e-08,10000,10,100,15192
1000000.0,1000000.0,1e-08,10000,10,100,15062
1000000.0,1000000.0,1e-08,10000,10,100,15316
1000000.0,1000000.0,1e-08,10000,10,100,15247
1000000.0,1000000.0,1e-08,10000,10,100,15101
1000000.0,1000000.0,1e-08,10000,10,100,15210
1000000.0,1000000.0,1e-08,10000,10,100,15145
1000000.0,1000000.0,1e-08,10000,10,100,15282
1000000.0,1000000.0,1e-08,10000,10,100,15230
1000000.0,1000000.0,1e-08,10000,10,100,15228
1000000.0,1000000.0,1e-08,10000,10,100,15160
1000000.0,1000000.0,1e-08,10000,10,100,15120
1000000.0,1000000.0,1e-08,10000,100,100,15123
1000000.0,1000000.0,1e-08,10000,100,100,15167
1000000.0,1000000.0,1e-08,10000,10,100,15202
1000000.0,1000000.0,1e-08,10000,100,100,15268
1000000.0,1000000.0,1e-08,10000,100,100,15195
1000000.0,1000000.0,1e-08,10000,100,100,14976
1000000.0,1000000.0,1e-08,10000,100,100,15113
1000000.0,1000000.0,1e-08,10000,100,100,15107
1000000.0,1000000.0,1e-08,10000,100,100,15052
1000000.0,1000000.0,1e-08,10000,100,100,15126
1000000.0,1000000.0,1e-08,10000,100,100,15278
1000000.0,1000000.0,1e-08,10000,100,100,15423
1000000.0,1000000.0,1e-08,10000,100,100,15274
1000000.0,1000000.0,1e-08,10000,100,100,15177
1000000.0,1000000.0,1e-08,10000,100,100,15247
1000000.0,1000000.0,1e-08,10000,100,100,15158
1000000.0,1000000.0,1e-08,10000,100,100,15218
1000000.0,1000000.0,1e-08,10000,100,100,15156
1000000.0,1000000.0,1e-08,10000,100,100,15222
1000000.0,1000000.0,1e-08,10000,100,100,15127
1000000.0,1000000.0,1e-08,10000,100,100,15240
1000000.0,1000000.0,1e-08,10000,100,100,15284
1000000.0,1000000.0,1e-08,10000,100,100,15226
1000000.0,1000000.0,1e-08,10000,100,100,15187
1000000.0,1000000.0,1e-08,10000,1000,100,15094
1000000.0,1000000.0,1e-08,10000,1000,100,15191
1000000.0,1000000.0,1e-08,10000,1000,100,15165
1000000.0,1000000.0,1e-08,10000,1000,100,15109
1000000.0,1000000.0,1e-08,10000,100,100,15132
1000000.0,1000000.0,1e-08,10000,100,100,15150
1000000.0,1000000.0,1e-08,10000,1000,100,15249
1000000.0,1000000.0,1e-08,10000,1000,100,15179
1000000.0,1000000.0,1e-08,10000,1000,100,15309
1000000.0,1000000.0,1e-08,10000,1000,100,15113
1000000.0,1000000.0,1e-08,10000,1000,100,15150
1000000.0,1000000.0,1e-08,10000,1000,100,15344
1000000.0,1000000.0,1e-08,10000,1000,100,15290
1000000.0,1000000.0,1e-08,10000,1000,100,15245
1000000.0,1000000.0,1e-08,10000,1000,100,15137
1000000.0,1000000.0,1e-08,10000,1000,100,15232
1000000.0,1000000.0,1e-08,10000,1000,100,15116
1000000.0,1000000.0,1e-08,10000,1000,100,15189
1000000.0,1000000.0,1e-08,10000,1000,100,15271
1000000.0,1000000.0,1e-08,10000,1000,100,15072
1000000.0,1000000.0,1e-08,10000,1000,100,15291
1000000.0,1000000.0,1e-08,10000,1000,100,15332
1000000.0,1000000.0,1e-08,10000,1000,100,15158
1000000.0,1000000.0,1e-08,10000,1000,100,15273
1000000.0,1000000.0,1e-08,10000,10000,100,15193
1000000.0,1000000.0,1e-08,10000,10000,100,15314
1000000.0,1000000.0,1e-08,10000,1000,100,15074
1000000.0,1000000.0,1e-08,10000,10000,100,15169
1000000.0,1000000.0,1e-08,10000,10000,100,15322
1000000.0,1000000.0,1e-08,10000,1000,100,15364
1000000.0,1000000.0,1e-08,10000,10000,100,15173
1000000.0,1000000.0,1e-08,10000,10000,100,15129
1000000.0,1000000.0,1e-08,10000,1000,100,15249
1000000.0,1000000.0,1e-08,10000,10000,100,15127
1000000.0,1000000.0,1e-08,10000,10000,100,15175
1000000.0,1000000.0,1e-08,10000,10000,100,15103
1000000.0,1000000.0,1e-08,10000,10000,100,15204
1000000.0,1000000.0,1e-08,10000,10000,100,15057
1000000.0,1000000.0,1e-08,10000,10000,100,15120
1000000.0,1000000.0,1e-08,10000,10000,100,15153
1000000.0,1000000.0,1e-08,10000,10000,100,15303
1000000.0,1000000.0,1e-08,10000,10000,100,15129
1000000.0,1000000.0,1e-08,10000,10000,100,15278
1000000.0,1000000.0,1e-08,10000,10000,100,15285
1000000.0,1000000.0,1e-08,10000,10000,100,14989
1000000.0,1000000.0,1e-08,10000,10000,100,15215
1000000.0,1000000.0,1e-08,10000,10000,100,15303
1000000.0,1000000.0,1e-08,10000,10000,100,15253
1000000.0,1000000.0,1e-08,10000,10000,100,15125
1000000.0,1000000.0,1e-08,10000,100000,100,15094
1000000.0,1000000.0,1e-08,10000,10000,100,15108
1000000.0,1000000.0,1e-08,10000,100000,100,15231
1000000.0,1000000.0,1e-08,10000,10000,100,15271
1000000.0,1000000.0,1e-08,10000,10000,100,15223
1000000.0,1000000.0,1e-08,10000,100000,100,14996
1000000.0,1000000.0,1e-08,10000,100000,100,15234
1000000.0,1000000.0,1e-08,10000,100000,100,15095
1000000.0,1000000.0,1e-08,10000,100000,100,15150
1000000.0,1000000.0,1e-08,10000,100000,100,15211
1000000.0,1000000.0,1e-08,10000,100000,100,14994
1000000.0,1000000.0,1e-08,10000,100000,100,14992
1000000.0,1000000.0,1e-08,10000,100000,100,15104
1000000.0,1000000.0,1e-08,10000,100000,100,15156
1000000.0,1000000.0,1e-08,10000,100000,100,15236
1000000.0,1000000.0,1e-08,10000,100000,100,15088
1000000.0,1000000.0,1e-08,10000,100000,100,15039
1000000.0,1000000.0,1e-08,10000,100000,100,15117
1000000.0,1000000.0,1e-08,10000,100000,100,15219
1000000.0,1000000.0,1e-08,10000,100000,100,15185
1000000.0,1000000.0,1e-08,10000,100000,100,15136
1000000.0,1000000.0,1e-08,10000,100000,100,15273
1000000.0,1000000.0,1e-08,10000,100000,100,15111
1000000.0,1000000.0,1e-08,10000,100000,100,15079
1000000.0,1000000.0,1e-08,10000,1000000,100,14961
1000000.0,1000000.0,1e-08,10000,100000,100,15021
1000000.0,1000000.0,1e-08,10000,1000000,100,14762
1000000.0,1000000.0,1e-08,10000,100000,100,14958
1000000.0,1000000.0,1e-08,10000,1000000,100,14900
1000000.0,1000000.0,1e-08,10000,1000000,100,14777
1000000.0,1000000.0,1e-08,10000,1000000,100,14957
1000000.0,1000000.0,1e-08,10000,100000,100,15065
1000000.0,1000000.0,1e-08,10000,100000,100,15160
1000000.0,1000000.0,1e-08,10000,1000000,100,14983
1000000.0,1000000.0,1e-08,10000,1000000,100,14816
1000000.0,1000000.0,1e-08,10000,1000000,100,14740
1000000.0,1000000.0,1e-08,10000,1000000,100,14745
1000000.0,1000000.0,1e-08,10000,1000000,100,14925
1000000.0,1000000.0,1e-08,10000,1000000,100,14760
1000000.0,1000000.0,1e-08,10000,1000000,100,14871
1000000.0,1000000.0,1e-08,10000,1000000,100,14910
1000000.0,1000000.0,1e-08,10000,1000000,100,14743
1000000.0,1000000.0,1e-08,10000,1000000,100,14801
1000000.0,1000000.0,1e-08,10000,1000000,100,14927
1000000.0,1000000.0,1e-08,10000,1000000,100,14856
1000000.0,1000000.0,1e-08,10000,1000000,100,14801
1000000.0,1000000.0,1e-08,10000,1000000,100,14853
1000000.0,1000000.0,1e-08,10000,1000000,100,14956
1000000.0,1000000.0,1e-08,10000,1000000,100,14753
1000000.0,1000000.0,1e-08,10000,1000000,100,14585
1000000.0,1000000.0,1e-08,10000,1000000,100,14791
1000000.0,1000000.0,1e-08,10000,1000000,100,14580
1000000.0,1000000.0,1e-08,10000,1000000,100,14751
1000000.0,1000000.0,1e-08,10000,smc_k,100,15232
1000000.0,1000000.0,1e-08,10000,smc_k,100,15306
1000000.0,1000000.0,1e-08,10000,smc_k,100,15181
1000000.0,1000000.0,1e-08,10000,smc_k,100,15314
1000000.0,1000000.0,1e-08,10000,smc_k,100,15084
1000000.0,1000000.0,1e-08,10000,smc_k,100,15158
1000000.0,1000000.0,1e-08,10000,smc_k,100,15252
1000000.0,1000000.0,1e-08,10000,smc_k,100,15109
1000000.0,1000000.0,1e-08,10000,smc_k,100,15157
1000000.0,1000000.0,1e-08,10000,smc_k,100,15099
1000000.0,1000000.0,1e-08,10000,smc_k,100,15208
1000000.0,1000000.0,1e-08,10000,smc_k,100,15417
1000000.0,1000000.0,1e-08,10000,smc_k,100,15215
1000000.0,1000000.0,1e-08,10000,smc_k,100,15158
1000000.0,1000000.0,1e-08,10000,Hudson,100,14989
1000000.0,1000000.0,1e-08,10000,Hudson,100,14661
1000000.0,1000000.0,1e-08,10000,Hudson,100,14683
1000000.0,1000000.0,1e-08,10000,smc_k,100,15098
1000000.0,1000000.0,1e-08,10000,Hudson,100,14823
1000000.0,1000000.0,1e-08,10000,Hudson,100,14821
1000000.0,1000000.0,1e-08,10000,Hudson,100,14828
1000000.0,1000000.0,1e-08,10000,Hudson,100,14782
1000000.0,1000000.0,1e-08,10000,Hudson,100,14848
1000000.0,1000000.0,1e-08,10000,Hudson,100,14811
1000000.0,1000000.0,1e-08,10000,Hudson,100,14837
1000000.0,1000000.0,1e-08,10000,Hudson,100,14757
1000000.0,1000000.0,1e-08,10000,Hudson,100,14775
1000000.0,1000000.0,1e-08,10000,Hudson,100,14844
1000000.0,1000000.0,1e-08,10000,Hudson,100,14847
1000000.0,1000000.0,1e-08,10000,Hudson,100,14774
1000000.0,1000000.0,1e-08,10000,Hudson,100,14821
1000000.0,1000000.0,1e-08,10000,Hudson,100,14787
1000000.0,1000000.0,1e-08,10000,Hudson,100,14851
1000000.0,1000000.0,1e-08,10000,Hudson,100,14852
1000000.0,1000000.0,1e-08,10000,Hudson,100,14847
1000000.0,1000000.0,1e-08,10000,Hudson,100,14796
1000000.0,1000000.0,1e-08,10000,Hudson,100,14792
1000000.0,1000000.0,1e-08,10000,Hudson,100,14764
1000000.0,1000000.0,1e-08,10000,Hudson,100,14749
1000000.0,1000000.0,1e-08,10000,Hudson,100,14874
1000000.0,1000000.0,1e-08,10000,smc_k,100,15124
1000000.0,1000000.0,1e-08,10000,smc_k,100,15165
1000000.0,1000000.0,1e-08,10000,smc_k,100,15000
1000000.0,1000000.0,1e-08,10000,dtwf,100,14848
1000000.0,1000000.0,1e-08,10000,smc_k,100,15170
1000000.0,1000000.0,1e-08,10000,smc_k,100,15217
1000000.0,1000000.0,1e-08,10000,dtwf,100,14884
1000000.0,1000000.0,1e-08,10000,smc_k,100,15262
1000000.0,1000000.0,1e-08,10000,dtwf,100,14578
1000000.0,1000000.0,1e-08,10000,smc_k,100,15177
1000000.0,1000000.0,1e-08,10000,smc_k,100,15114
1000000.0,1000000.0,1e-08,10000,dtwf,100,14636
1000000.0,1000000.0,1e-08,10000,dtwf,100,14933
1000000.0,1000000.0,1e-08,10000,dtwf,100,14767
1000000.0,1000000.0,1e-08,10000,dtwf,100,14904
1000000.0,1000000.0,1e-08,10000,dtwf,100,14674
1000000.0,1000000.0,1e-08,10000,dtwf,100,14642
1000000.0,1000000.0,1e-08,10000,dtwf,100,14769
1000000.0,1000000.0,1e-08,10000,dtwf,100,14783
1000000.0,1000000.0,1e-08,10000,dtwf,100,14817
1000000.0,1000000.0,1e-08,10000,dtwf,100,14677
1000000.0,1000000.0,1e-08,10000,smc_k,100,15095
1000000.0,1000000.0,1e-08,10000,dtwf,100,14827
1000000.0,1000000.0,1e-08,10000,dtwf,100,14867
1000000.0,1000000.0,1e-08,10000,dtwf,100,14751
1000000.0,1000000.0,1e-08,10000,smc_k,100,15142
1000000.0,1000000.0,1e-08,10000,dtwf,100,14739
1000000.0,1000000.0,1e-08,10000,dtwf,100,14835
1000000.0,1000000.0,1e-08,10000,dtwf,100,14654
1000000.0,1000000.0,1e-08,10000,dtwf,100,14778
1000000.0,1000000.0,1e-08,10000,dtwf,100,14923
1000000.0,1000000.0,1e-08,10000,dtwf,100,14864
1000000.0,1000000.0,1e-08,10000,dtwf,100,14704
1000000.0,1000000.0,1e-08,10000,dtwf,100,14741
1000000.0,1000000.0,1e-08,10000,dtwf,100,14794
1000000.0,1000000.0,1e-08,10000,10,500,20475
1000000.0,1000000.0,1e-08,10000,10,500,20597
1000000.0,1000000.0,1e-08,10000,10,500,20665
1000000.0,1000000.0,1e-08,10000,10,500,20803
1000000.0,1000000.0,1e-08,10000,10,500,20268
1000000.0,1000000.0,1e-08,10000,10,500,20680
1000000.0,1000000.0,1e-08,10000,10,500,20462
1000000.0,1000000.0,1e-08,10000,10,500,20141
1000000.0,1000000.0,1e-08,10000,10,500,20412
1000000.0,1000000.0,1e-08,10000,10,500,20392
1000000.0,1000000.0,1e-08,10000,10,500,20543
1000000.0,1000000.0,1e-08,10000,10,500,20575
1000000.0,1000000.0,1e-08,10000,10,500,20549
1000000.0,1000000.0,1e-08,10000,10,500,20695
1000000.0,1000000.0,1e-08,10000,10,500,20585
1000000.0,1000000.0,1e-08,10000,10,500,20630
1000000.0,1000000.0,1e-08,10000,10,500,20478
1000000.0,1000000.0,1e-08,10000,10,500,20345
1000000.0,1000000.0,1e-08,10000,10,500,20357
1000000.0,1000000.0,1e-08,10000,10,500,20387
1000000.0,1000000.0,1e-08,10000,10,500,20457
1000000.0,1000000.0,1e-08,10000,10,500,20378
1000000.0,1000000.0,1e-08,10000,10,500,20516
1000000.0,1000000.0,1e-08,10000,10,500,20426
1000000.0,1000000.0,1e-08,10000,100,500,20661
1000000.0,1000000.0,1e-08,10000,10,500,20456
1000000.0,1000000.0,1e-08,10000,100,500,20305
1000000.0,1000000.0,1e-08,10000,100,500,20344
1000000.0,1000000.0,1e-08,10000,100,500,20361
1000000.0,1000000.0,1e-08,10000,100,500,20693
1000000.0,1000000.0,1e-08,10000,100,500,20747
1000000.0,1000000.0,1e-08,10000,100,500,20492
1000000.0,1000000.0,1e-08,10000,100,500,20772
1000000.0,1000000.0,1e-08,10000,100,500,20668
1000000.0,1000000.0,1e-08,10000,100,500,20538
1000000.0,1000000.0,1e-08,10000,100,500,20437
1000000.0,1000000.0,1e-08,10000,100,500,20673
1000000.0,1000000.0,1e-08,10000,100,500,20345
1000000.0,1000000.0,1e-08,10000,100,500,20309
1000000.0,1000000.0,1e-08,10000,100,500,20394
1000000.0,1000000.0,1e-08,10000,100,500,20660
1000000.0,1000000.0,1e-08,10000,100,500,20729
1000000.0,1000000.0,1e-08,10000,100,500,20572
1000000.0,1000000.0,1e-08,10000,100,500,20386
1000000.0,1000000.0,1e-08,10000,100,500,20719
1000000.0,1000000.0,1e-08,10000,100,500,20598
1000000.0,1000000.0,1e-08,10000,100,500,20405
1000000.0,1000000.0,1e-08,10000,100,500,20575
1000000.0,1000000.0,1e-08,10000,100,500,20622
1000000.0,1000000.0,1e-08,10000,100,500,20388
1000000.0,1000000.0,1e-08,10000,1000,500,20358
1000000.0,1000000.0,1e-08,10000,1000,500,20554
1000000.0,1000000.0,1e-08,10000,1000,500,20548
1000000.0,1000000.0,1e-08,10000,1000,500,20379
1000000.0,1000000.0,1e-08,10000,1000,500,20432
1000000.0,1000000.0,1e-08,10000,1000,500,20881
1000000.0,1000000.0,1e-08,10000,1000,500,20327
1000000.0,1000000.0,1e-08,10000,1000,500,20333
1000000.0,1000000.0,1e-08,10000,1000,500,20427
1000000.0,1000000.0,1e-08,10000,1000,500,20533
1000000.0,1000000.0,1e-08,10000,1000,500,20471
1000000.0,1000000.0,1e-08,10000,1000,500,20392
1000000.0,1000000.0,1e-08,10000,1000,500,20371
1000000.0,1000000.0,1e-08,10000,1000,500,20322
1000000.0,1000000.0,1e-08,10000,1000,500,20790
1000000.0,1000000.0,1e-08,10000,1000,500,20478
1000000.0,1000000.0,1e-08,10000,1000,500,20515
1000000.0,1000000.0,1e-08,10000,1000,500,20278
1000000.0,1000000.0,1e-08,10000,1000,500,20584
1000000.0,1000000.0,1e-08,10000,1000,500,20452
1000000.0,1000000.0,1e-08,10000,1000,500,20551
1000000.0,1000000.0,1e-08,10000,1000,500,20612
1000000.0,1000000.0,1e-08,10000,1000,500,20219
1000000.0,1000000.0,1e-08,10000,1000,500,20553
1000000.0,1000000.0,1e-08,10000,1000,500,20322
1000000.0,1000000.0,1e-08,10000,10000,500,20250
1000000.0,1000000.0,1e-08,10000,10000,500,20020
1000000.0,1000000.0,1e-08,10000,10000,500,20146
1000000.0,1000000.0,1e-08,10000,10000,500,20294
1000000.0,1000000.0,1e-08,10000,10000,500,20173
1000000.0,1000000.0,1e-08,10000,10000,500,20068
1000000.0,1000000.0,1e-08,10000,10000,500,20187
1000000.0,1000000.0,1e-08,10000,10000,500,20145
1000000.0,1000000.0,1e-08,10000,10000,500,20123
1000000.0,1000000.0,1e-08,10000,10000,500,20235
1000000.0,1000000.0,1e-08,10000,10000,500,20340
1000000.0,1000000.0,1e-08,10000,10000,500,20484
1000000.0,1000000.0,1e-08,10000,10000,500,20322
1000000.0,1000000.0,1e-08,10000,10000,500,20162
1000000.0,1000000.0,1e-08,10000,10000,500,20331
1000000.0,1000000.0,1e-08,10000,10000,500,20380
1000000.0,1000000.0,1e-08,10000,10000,500,20361
1000000.0,1000000.0,1e-08,10000,10000,500,20480
1000000.0,1000000.0,1e-08,10000,10000,500,20483
1000000.0,1000000.0,1e-08,10000,10000,500,20392
1000000.0,1000000.0,1e-08,10000,10000,500,20236
1000000.0,1000000.0,1e-08,10000,10000,500,20355
1000000.0,1000000.0,1e-08,10000,10000,500,20220
1000000.0,1000000.0,1e-08,10000,10000,500,20179
1000000.0,1000000.0,1e-08,10000,10000,500,20499
1000000.0,1000000.0,1e-08,10000,100000,500,18538
1000000.0,1000000.0,1e-08,10000,100000,500,18586
1000000.0,1000000.0,1e-08,10000,100000,500,18822
1000000.0,1000000.0,1e-08,10000,100000,500,18735
1000000.0,1000000.0,1e-08,10000,100000,500,18645
1000000.0,1000000.0,1e-08,10000,100000,500,18722
1000000.0,1000000.0,1e-08,10000,100000,500,18609
1000000.0,1000000.0,1e-08,10000,100000,500,18449
1000000.0,1000000.0,1e-08,10000,100000,500,18674
1000000.0,1000000.0,1e-08,10000,100000,500,18804
1000000.0,1000000.0,1e-08,10000,100000,500,18459
1000000.0,1000000.0,1e-08,10000,100000,500,18611
1000000.0,1000000.0,1e-08,10000,100000,500,18564
1000000.0,1000000.0,1e-08,10000,100000,500,18685
1000000.0,1000000.0,1e-08,10000,100000,500,18505
1000000.0,1000000.0,1e-08,10000,100000,500,18570
1000000.0,1000000.0,1e-08,10000,100000,500,18656
1000000.0,1000000.0,1e-08,10000,100000,500,18779
1000000.0,1000000.0,1e-08,10000,100000,500,18375
1000000.0,1000000.0,1e-08,10000,100000,500,18593
1000000.0,1000000.0,1e-08,10000,100000,500,18399
1000000.0,1000000.0,1e-08,10000,100000,500,18767
1000000.0,1000000.0,1e-08,10000,100000,500,18450
1000000.0,1000000.0,1e-08,10000,100000,500,18689
1000000.0,1000000.0,1e-08,10000,1000000,500,15461
1000000.0,1000000.0,1e-08,10000,100000,500,18761
1000000.0,1000000.0,1e-08,10000,1000000,500,15519
1000000.0,1000000.0,1e-08,10000,1000000,500,15556
1000000.0,1000000.0,1e-08,10000,1000000,500,15555
1000000.0,1000000.0,1e-08,10000,1000000,500,15413
1000000.0,1000000.0,1e-08,10000,1000000,500,15504
1000000.0,1000000.0,1e-08,10000,1000000,500,15301
1000000.0,1000000.0,1e-08,10000,1000000,500,15673
1000000.0,1000000.0,1e-08,10000,1000000,500,15504
1000000.0,1000000.0,1e-08,10000,1000000,500,15494
1000000.0,1000000.0,1e-08,10000,1000000,500,15566
1000000.0,1000000.0,1e-08,10000,1000000,500,15408
1000000.0,1000000.0,1e-08,10000,1000000,500,15428
1000000.0,1000000.0,1e-08,10000,1000000,500,15296
1000000.0,1000000.0,1e-08,10000,1000000,500,15493
1000000.0,1000000.0,1e-08,10000,1000000,500,15406
1000000.0,1000000.0,1e-08,10000,1000000,500,15566
1000000.0,1000000.0,1e-08,10000,1000000,500,15465
1000000.0,1000000.0,1e-08,10000,1000000,500,15282
1000000.0,1000000.0,1e-08,10000,1000000,500,15476
1000000.0,1000000.0,1e-08,10000,1000000,500,15440
1000000.0,1000000.0,1e-08,10000,1000000,500,15404
1000000.0,1000000.0,1e-08,10000,smc_k,500,20414
1000000.0,1000000.0,1e-08,10000,1000000,500,15498
1000000.0,1000000.0,1e-08,10000,1000000,500,15488
1000000.0,1000000.0,1e-08,10000,smc_k,500,20437
1000000.0,1000000.0,1e-08,10000,1000000,500,15292
1000000.0,1000000.0,1e-08,10000,smc_k,500,20478
1000000.0,1000000.0,1e-08,10000,smc_k,500,20330
1000000.0,1000000.0,1e-08,10000,smc_k,500,20385
1000000.0,1000000.0,1e-08,10000,smc_k,500,20399
1000000.0,1000000.0,1e-08,10000,smc_k,500,20571
1000000.0,1000000.0,1e-08,10000,smc_k,500,20557
1000000.0,1000000.0,1e-08,10000,smc_k,500,20514
1000000.0,1000000.0,1e-08,10000,smc_k,500,20380
1000000.0,1000000.0,1e-08,10000,smc_k,500,20411
1000000.0,1000000.0,1e-08,10000,smc_k,500,20441
1000000.0,1000000.0,1e-08,10000,smc_k,500,20524
1000000.0,1000000.0,1e-08,10000,smc_k,500,20473
1000000.0,1000000.0,1e-08,10000,Hudson,500,15454
1000000.0,1000000.0,1e-08,10000,Hudson,500,15512
1000000.0,1000000.0,1e-08,10000,smc_k,500,20532
1000000.0,1000000.0,1e-08,10000,Hudson,500,15450
1000000.0,1000000.0,1e-08,10000,Hudson,500,15398
1000000.0,1000000.0,1e-08,10000,Hudson,500,15433
1000000.0,1000000.0,1e-08,10000,Hudson,500,15397
1000000.0,1000000.0,1e-08,10000,Hudson,500,15407
1000000.0,1000000.0,1e-08,10000,Hudson,500,15504
1000000.0,1000000.0,1e-08,10000,Hudson,500,15781
1000000.0,1000000.0,1e-08,10000,smc_k,500,20649
1000000.0,1000000.0,1e-08,10000,Hudson,500,15447
1000000.0,1000000.0,1e-08,10000,smc_k,500,20607
1000000.0,1000000.0,1e-08,10000,Hudson,500,15482
1000000.0,1000000.0,1e-08,10000,Hudson,500,15551
1000000.0,1000000.0,1e-08,10000,Hudson,500,15425
1000000.0,1000000.0,1e-08,10000,Hudson,500,15528
1000000.0,1000000.0,1e-08,10000,Hudson,500,15535
1000000.0,1000000.0,1e-08,10000,Hudson,500,15560
1000000.0,1000000.0,1e-08,10000,Hudson,500,15317
1000000.0,1000000.0,1e-08,10000,Hudson,500,15408
1000000.0,1000000.0,1e-08,10000,Hudson,500,15718
1000000.0,1000000.0,1e-08,10000,Hudson,500,15292
1000000.0,1000000.0,1e-08,10000,Hudson,500,15276
1000000.0,1000000.0,1e-08,10000,Hudson,500,15610
1000000.0,1000000.0,1e-08,10000,Hudson,500,15430
1000000.0,1000000.0,1e-08,10000,Hudson,500,15530
1000000.0,1000000.0,1e-08,10000,Hudson,500,15554
1000000.0,1000000.0,1e-08,10000,smc_k,500,20462
1000000.0,1000000.0,1e-08,10000,dtwf,500,15489
1000000.0,1000000.0,1e-08,10000,dtwf,500,15449
1000000.0,1000000.0,1e-08,10000,dtwf,500,15318
1000000.0,1000000.0,1e-08,10000,dtwf,500,15366
1000000.0,1000000.0,1e-08,10000,smc_k,500,20468
1000000.0,1000000.0,1e-08,10000,smc_k,500,20918
1000000.0,1000000.0,1e-08,10000,smc_k,500,20362
1000000.0,1000000.0,1e-08,10000,dtwf,500,15337
1000000.0,1000000.0,1e-08,10000,dtwf,500,15384
1000000.0,1000000.0,1e-08,10000,dtwf,500,15491
1000000.0,1000000.0,1e-08,10000,smc_k,500,20603
1000000.0,1000000.0,1e-08,10000,dtwf,500,15429
1000000.0,1000000.0,1e-08,10000,dtwf,500,15461
1000000.0,1000000.0,1e-08,10000,dtwf,500,15419
1000000.0,1000000.0,1e-08,10000,dtwf,500,15414
1000000.0,1000000.0,1e-08,10000,dtwf,500,15146
1000000.0,1000000.0,1e-08,10000,dtwf,500,15454
1000000.0,1000000.0,1e-08,10000,dtwf,500,15246
1000000.0,1000000.0,1e-08,10000,dtwf,500,15295
1000000.0,1000000.0,1e-08,10000,dtwf,500,15558
1000000.0,1000000.0,1e-08,10000,smc_k,500,20226
1000000.0,1000000.0,1e-08,10000,dtwf,500,15302
1000000.0,1000000.0,1e-08,10000,dtwf,500,15350
1000000.0,1000000.0,1e-08,10000,dtwf,500,15298
1000000.0,1000000.0,1e-08,10000,dtwf,500,15419
1000000.0,1000000.0,1e-08,10000,dtwf,500,15419
1000000.0,1000000.0,1e-08,10000,dtwf,500,15373
1000000.0,1000000.0,1e-08,10000,dtwf,500,15434
1000000.0,1000000.0,1e-08,10000,dtwf,500,15360
1000000.0,1000000.0,1e-08,10000,dtwf,500,15368
1000000.0,1000000.0,1e-08,10000,smc_k,500,20547
1000000.0,1000000.0,1e-08,10000,smc_k,500,20457
1000000.0,1000000.0,1e-08,10000,10,1000,21075
1000000.0,1000000.0,1e-08,10000,10,1000,21316
1000000.0,1000000.0,1e-08,10000,10,1000,21480
1000000.0,1000000.0,1e-08,10000,10,1000,21324
1000000.0,1000000.0,1e-08,10000,10,1000,21281
1000000.0,1000000.0,1e-08,10000,10,1000,21034
1000000.0,1000000.0,1e-08,10000,10,1000,21209
1000000.0,1000000.0,1e-08,10000,10,1000,21204
1000000.0,1000000.0,1e-08,10000,10,1000,21350
1000000.0,1000000.0,1e-08,10000,10,1000,21101
1000000.0,1000000.0,1e-08,10000,10,1000,21366
1000000.0,1000000.0,1e-08,10000,10,1000,21488
1000000.0,1000000.0,1e-08,10000,10,1000,21398
1000000.0,1000000.0,1e-08,10000,10,1000,21110
1000000.0,1000000.0,1e-08,10000,10,1000,21183
1000000.0,1000000.0,1e-08,10000,10,1000,21211
1000000.0,1000000.0,1e-08,10000,10,1000,21336
1000000.0,1000000.0,1e-08,10000,10,1000,21289
1000000.0,1000000.0,1e-08,10000,10,1000,21142
1000000.0,1000000.0,1e-08,10000,10,1000,21418
1000000.0,1000000.0,1e-08,10000,10,1000,21601
1000000.0,1000000.0,1e-08,10000,10,1000,21240
1000000.0,1000000.0,1e-08,10000,10,1000,21300
1000000.0,1000000.0,1e-08,10000,100,1000,21316
1000000.0,1000000.0,1e-08,10000,100,1000,20945
1000000.0,1000000.0,1e-08,10000,10,1000,21151
1000000.0,1000000.0,1e-08,10000,10,1000,21056
1000000.0,1000000.0,1e-08,10000,100,1000,21150
1000000.0,1000000.0,1e-08,10000,100,1000,21282
1000000.0,1000000.0,1e-08,10000,100,1000,21264
1000000.0,1000000.0,1e-08,10000,100,1000,21121
1000000.0,1000000.0,1e-08,10000,100,1000,21190
1000000.0,1000000.0,1e-08,10000,100,1000,21158
1000000.0,1000000.0,1e-08,10000,100,1000,21074
1000000.0,1000000.0,1e-08,10000,100,1000,21078
1000000.0,1000000.0,1e-08,10000,100,1000,21394
1000000.0,1000000.0,1e-08,10000,100,1000,21198
1000000.0,1000000.0,1e-08,10000,100,1000,21144
1000000.0,1000000.0,1e-08,10000,100,1000,21086
1000000.0,1000000.0,1e-08,10000,100,1000,21128
1000000.0,1000000.0,1e-08,10000,100,1000,21223
1000000.0,1000000.0,1e-08,10000,100,1000,21266
1000000.0,1000000.0,1e-08,10000,100,1000,21237
1000000.0,1000000.0,1e-08,10000,100,1000,21485
1000000.0,1000000.0,1e-08,10000,100,1000,21243
1000000.0,1000000.0,1e-08,10000,100,1000,21058
1000000.0,1000000.0,1e-08,10000,100,1000,21230
1000000.0,1000000.0,1e-08,10000,100,1000,20898
1000000.0,1000000.0,1e-08,10000,100,1000,21224
1000000.0,1000000.0,1e-08,10000,1000,1000,21077
1000000.0,1000000.0,1e-08,10000,100,1000,21510
1000000.0,1000000.0,1e-08,10000,1000,1000,21248
1000000.0,1000000.0,1e-08,10000,1000,1000,20936
1000000.0,1000000.0,1e-08,10000,1000,1000,20981
1000000.0,1000000.0,1e-08,10000,1000,1000,20947
1000000.0,1000000.0,1e-08,10000,1000,1000,21199
1000000.0,1000000.0,1e-08,10000,1000,1000,21118
1000000.0,1000000.0,1e-08,10000,1000,1000,21119
1000000.0,1000000.0,1e-08,10000,1000,1000,20988
1000000.0,1000000.0,1e-08,10000,1000,1000,20997
1000000.0,1000000.0,1e-08,10000,1000,1000,21071
1000000.0,1000000.0,1e-08,10000,1000,1000,21254
1000000.0,1000000.0,1e-08,10000,1000,1000,21036
1000000.0,1000000.0,1e-08,10000,1000,1000,21290
1000000.0,1000000.0,1e-08,10000,1000,1000,21101
1000000.0,1000000.0,1e-08,10000,1000,1000,21096
1000000.0,1000000.0,1e-08,10000,1000,1000,21116
1000000.0,1000000.0,1e-08,10000,1000,1000,21174
1000000.0,1000000.0,1e-08,10000,1000,1000,21032
1000000.0,1000000.0,1e-08,10000,1000,1000,21145
1000000.0,1000000.0,1e-08,10000,1000,1000,21287
1000000.0,1000000.0,1e-08,10000,1000,1000,21107
1000000.0,1000000.0,1e-08,10000,1000,1000,21207
1000000.0,1000000.0,1e-08,10000,10000,1000,20408
1000000.0,1000000.0,1e-08,10000,1000,1000,20903
1000000.0,1000000.0,1e-08,10000,1000,1000,21095
1000000.0,1000000.0,1e-08,10000,10000,1000,20545
1000000.0,1000000.0,1e-08,10000,10000,1000,20717
1000000.0,1000000.0,1e-08,10000,10000,1000,20607
1000000.0,1000000.0,1e-08,10000,10000,1000,20691
1000000.0,1000000.0,1e-08,10000,10000,1000,20626
1000000.0,1000000.0,1e-08,10000,10000,1000,20724
1000000.0,1000000.0,1e-08,10000,10000,1000,20733
1000000.0,1000000.0,1e-08,10000,10000,1000,20870
1000000.0,1000000.0,1e-08,10000,10000,1000,20708
1000000.0,1000000.0,1e-08,10000,10000,1000,20476
1000000.0,1000000.0,1e-08,10000,10000,1000,20496
1000000.0,1000000.0,1e-08,10000,10000,1000,20395
1000000.0,1000000.0,1e-08,10000,10000,1000,20439
1000000.0,1000000.0,1e-08,10000,10000,1000,20400
1000000.0,1000000.0,1e-08,10000,10000,1000,20550
1000000.0,1000000.0,1e-08,10000,10000,1000,20772
1000000.0,1000000.0,1e-08,10000,10000,1000,20678
1000000.0,1000000.0,1e-08,10000,10000,1000,20837
1000000.0,1000000.0,1e-08,10000,10000,1000,20824
1000000.0,1000000.0,1e-08,10000,10000,1000,20397
1000000.0,1000000.0,1e-08,10000,10000,1000,20501
1000000.0,1000000.0,1e-08,10000,10000,1000,20765
1000000.0,1000000.0,1e-08,10000,10000,1000,20348
1000000.0,1000000.0,1e-08,10000,10000,1000,20894
1000000.0,1000000.0,1e-08,10000,100000,1000,17127
1000000.0,1000000.0,1e-08,10000,100000,1000,17333
1000000.0,1000000.0,1e-08,10000,100000,1000,17350
1000000.0,1000000.0,1e-08,10000,100000,1000,17219
1000000.0,1000000.0,1e-08,10000,100000,1000,17444
1000000.0,1000000.0,1e-08,10000,100000,1000,17214
1000000.0,1000000.0,1e-08,10000,100000,1000,16951
1000000.0,1000000.0,1e-08,10000,100000,1000,17188
1000000.0,1000000.0,1e-08,10000,100000,1000,17282
1000000.0,1000000.0,1e-08,10000,100000,1000,17092
1000000.0,1000000.0,1e-08,10000,100000,1000,17259
1000000.0,1000000.0,1e-08,10000,100000,1000,17224
1000000.0,1000000.0,1e-08,10000,100000,1000,17246
1000000.0,1000000.0,1e-08,10000,100000,1000,17053
1000000.0,1000000.0,1e-08,10000,100000,1000,17065
1000000.0,1000000.0,1e-08,10000,100000,1000,16969
1000000.0,1000000.0,1e-08,10000,100000,1000,17139
1000000.0,1000000.0,1e-08,10000,100000,1000,17042
1000000.0,1000000.0,1e-08,10000,100000,1000,17231
1000000.0,1000000.0,1e-08,10000,100000,1000,17285
1000000.0,1000000.0,1e-08,10000,100000,1000,17369
1000000.0,1000000.0,1e-08,10000,100000,1000,17166
1000000.0,1000000.0,1e-08,10000,100000,1000,17295
1000000.0,1000000.0,1e-08,10000,100000,1000,17265
1000000.0,1000000.0,1e-08,10000,100000,1000,17176
1000000.0,1000000.0,1e-08,10000,1000000,1000,13251
1000000.0,1000000.0,1e-08,10000,1000000,1000,13331
1000000.0,1000000.0,1e-08,10000,1000000,1000,13223
1000000.0,1000000.0,1e-08,10000,1000000,1000,13222
1000000.0,1000000.0,1e-08,10000,1000000,1000,13392
1000000.0,1000000.0,1e-08,10000,1000000,1000,13186
1000000.0,1000000.0,1e-08,10000,1000000,1000,13230
1000000.0,1000000.0,1e-08,10000,1000000,1000,13272
1000000.0,1000000.0,1e-08,10000,1000000,1000,13319
1000000.0,1000000.0,1e-08,10000,1000000,1000,13167
1000000.0,1000000.0,1e-08,10000,1000000,1000,13206
1000000.0,1000000.0,1e-08,10000,1000000,1000,13457
1000000.0,1000000.0,1e-08,10000,1000000,1000,13290
1000000.0,1000000.0,1e-08,10000,1000000,1000,13284
1000000.0,1000000.0,1e-08,10000,1000000,1000,13264
1000000.0,1000000.0,1e-08,10000,1000000,1000,13321
1000000.0,1000000.0,1e-08,10000,1000000,1000,13263
1000000.0,1000000.0,1e-08,10000,1000000,1000,13237
1000000.0,1000000.0,1e-08,10000,1000000,1000,13289
1000000.0,1000000.0,1e-08,10000,1000000,1000,13440
1000000.0,1000000.0,1e-08,10000,1000000,1000,13310
1000000.0,1000000.0,1e-08,10000,1000000,1000,13203
1000000.0,1000000.0,1e-08,10000,1000000,1000,13215
1000000.0,1000000.0,1e-08,10000,smc_k,1000,21264
1000000.0,1000000.0,1e-08,10000,1000000,1000,13221
1000000.0,1000000.0,1e-08,10000,smc_k,1000,21374
1000000.0,1000000.0,1e-08,10000,smc_k,1000,21031
1000000.0,1000000.0,1e-08,10000,1000000,1000,13311
1000000.0,1000000.0,1e-08,10000,smc_k,1000,21584
1000000.0,1000000.0,1e-08,10000,smc_k,1000,21272
1000000.0,1000000.0,1e-08,10000,smc_k,1000,21191
1000000.0,1000000.0,1e-08,10000,smc_k,1000,21129
1000000.0,1000000.0,1e-08,10000,smc_k,1000,21076
1000000.0,1000000.0,1e-08,10000,smc_k,1000,21164
1000000.0,1000000.0,1e-08,10000,smc_k,1000,21158
1000000.0,1000000.0,1e-08,10000,smc_k,1000,21367
1000000.0,1000000.0,1e-08,10000,smc_k,1000,21090
1000000.0,1000000.0,1e-08,10000,smc_k,1000,21036
1000000.0,1000000.0,1e-08,10000,smc_k,1000,21231
1000000.0,1000000.0,1e-08,10000,Hudson,1000,13372
1000000.0,1000000.0,1e-08,10000,Hudson,1000,13347
1000000.0,1000000.0,1e-08,10000,Hudson,1000,13334
1000000.0,1000000.0,1e-08,10000,smc_k,1000,21148
1000000.0,1000000.0,1e-08,10000,Hudson,1000,13177
1000000.0,1000000.0,1e-08,10000,Hudson,1000,13457
1000000.0,1000000.0,1e-08,10000,Hudson,1000,13373
1000000.0,1000000.0,1e-08,10000,Hudson,1000,13258
1000000.0,1000000.0,1e-08,10000,Hudson,1000,13398
1000000.0,1000000.0,1e-08,10000,Hudson,1000,13386
1000000.0,1000000.0,1e-08,10000,Hudson,1000,13264
1000000.0,1000000.0,1e-08,10000,Hudson,1000,13391
1000000.0,1000000.0,1e-08,10000,Hudson,1000,13421
1000000.0,1000000.0,1e-08,10000,Hudson,1000,13332
1000000.0,1000000.0,1e-08,10000,Hudson,1000,13358
1000000.0,1000000.0,1e-08,10000,Hudson,1000,13426
1000000.0,1000000.0,1e-08,10000,Hudson,1000,13322
1000000.0,1000000.0,1e-08,10000,Hudson,1000,13412
1000000.0,1000000.0,1e-08,10000,Hudson,1000,13280
1000000.0,1000000.0,1e-08,10000,smc_k,1000,21079
1000000.0,1000000.0,1e-08,10000,Hudson,1000,13442
1000000.0,1000000.0,1e-08,10000,Hudson,1000,13269
1000000.0,1000000.0,1e-08,10000,Hudson,1000,13277
1000000.0,1000000.0,1e-08,10000,Hudson,1000,13577
1000000.0,1000000.0,1e-08,10000,Hudson,1000,13399
1000000.0,1000000.0,1e-08,10000,Hudson,1000,13310
1000000.0,1000000.0,1e-08,10000,Hudson,1000,13259
1000000.0,1000000.0,1e-08,10000,smc_k,1000,21256
1000000.0,1000000.0,1e-08,10000,dtwf,1000,13222
1000000.0,1000000.0,1e-08,10000,dtwf,1000,13278
1000000.0,1000000.0,1e-08,10000,dtwf,1000,13208
1000000.0,1000000.0,1e-08,10000,smc_k,1000,21365
1000000.0,1000000.0,1e-08,10000,dtwf,1000,13256
1000000.0,1000000.0,1e-08,10000,smc_k,1000,21380
1000000.0,1000000.0,1e-08,10000,smc_k,1000,21217
1000000.0,1000000.0,1e-08,10000,dtwf,1000,13244
1000000.0,1000000.0,1e-08,10000,dtwf,1000,13225
1000000.0,1000000.0,1e-08,10000,dtwf,1000,13145
1000000.0,1000000.0,1e-08,10000,smc_k,1000,21295
1000000.0,1000000.0,1e-08,10000,dtwf,1000,13281
1000000.0,1000000.0,1e-08,10000,dtwf,1000,13493
1000000.0,1000000.0,1e-08,10000,dtwf,1000,13418
1000000.0,1000000.0,1e-08,10000,smc_k,1000,21026
1000000.0,1000000.0,1e-08,10000,dtwf,1000,13185
1000000.0,1000000.0,1e-08,10000,dtwf,1000,13136
1000000.0,1000000.0,1e-08,10000,dtwf,1000,13201
1000000.0,1000000.0,1e-08,10000,dtwf,1000,13258
1000000.0,1000000.0,1e-08,10000,dtwf,1000,13385
1000000.0,1000000.0,1e-08,10000,dtwf,1000,13136
1000000.0,1000000.0,1e-08,10000,smc_k,1000,21435
1000000.0,1000000.0,1e-08,10000,dtwf,1000,13270
1000000.0,1000000.0,1e-08,10000,dtwf,1000,13345
1000000.0,1000000.0,1e-08,10000,smc_k,1000,21123
1000000.0,1000000.0,1e-08,10000,dtwf,1000,13359
1000000.0,1000000.0,1e-08,10000,dtwf,1000,13248
1000000.0,1000000.0,1e-08,10000,dtwf,1000,13332
1000000.0,1000000.0,1e-08,10000,dtwf,1000,13530
1000000.0,1000000.0,1e-08,10000,dtwf,1000,13283
1000000.0,1000000.0,1e-08,10000,dtwf,1000,13147
1000000.0,1000000.0,1e-08,10000,dtwf,1000,13392
1000000.0,1000000.0,1e-08,10000,smc_k,1000,21314
